depth,k,output_weight_bound,zero_count,log2_union_tail
11,2048,0,2048,-262144.00000000
11,2048,1,2047,-262005.00000000
11,2048,2,2046,-261867.00070461
11,2048,3,2045,-261729.58707668
11,2048,4,2044,-261592.58919156
11,2048,5,2043,-261455.91394017
11,2048,6,2042,-261319.50242918
11,2048,7,2041,-261183.31401695
11,2048,8,2040,-261047.31895649
11,2048,9,2039,-260911.49452805
11,2048,10,2038,-260775.82281009
11,2048,11,2037,-260640.28930337
11,2048,12,2036,-260504.88203560
11,2048,13,2035,-260369.59095348
11,2048,14,2034,-260234.40749532
11,2048,15,2033,-260099.32428195
11,2048,16,2032,-259964.33488745
11,2048,17,2031,-259829.43366561
11,2048,18,2030,-259694.61561608
11,2048,19,2029,-259559.87627958
11,2048,20,2028,-259425.21165453
11,2048,21,2027,-259290.61813001
11,2048,22,2026,-259156.09243126
11,2048,23,2025,-259021.63157476
11,2048,24,2024,-258887.23283107
11,2048,25,2023,-258752.89369368
11,2048,26,2022,-258618.61185279
11,2048,27,2021,-258484.38517301
11,2048,28,2020,-258350.21167433
11,2048,29,2019,-258216.08951575
11,2048,30,2018,-258082.01698115
11,2048,31,2017,-257947.99246700
11,2048,32,2016,-257814.01447163
11,2048,33,2015,-257680.08158583
11,2048,34,2014,-257546.19248454
11,2048,35,2013,-257412.34591959
11,2048,36,2012,-257278.54071314
11,2048,37,2011,-257144.77575191
11,2048,38,2010,-257011.04998206
11,2048,39,2009,-256877.36240449
11,2048,40,2008,-256743.71207074
11,2048,41,2007,-256610.09807919
11,2048,42,2006,-256476.51957171
11,2048,43,2005,-256342.97573058
11,2048,44,2004,-256209.46577567
11,2048,45,2003,-256075.98896198
11,2048,46,2002,-255942.54457723
11,2048,47,2001,-255809.13193982
11,2048,48,2000,-255675.75039687
11,2048,49,1999,-255542.39932243
11,2048,50,1998,-255409.07811586
11,2048,51,1997,-255275.78620033
11,2048,52,1996,-255142.52302144
11,2048,53,1995,-255009.28804588
11,2048,54,1994,-254876.08076036
11,2048,55,1993,-254742.90067037
11,2048,56,1992,-254609.74729930
11,2048,57,1991,-254476.62018738
11,2048,58,1990,-254343.51889087
11,2048,59,1989,-254210.44298121
11,2048,60,1988,-254077.39204424
11,2048,61,1987,-253944.36567954
11,2048,62,1986,-253811.36349969
11,2048,63,1985,-253678.38512971
11,2048,64,1984,-253545.43020642
11,2048,65,1983,-253412.49837792
11,2048,66,1982,-253279.58930307
11,2048,67,1981,-253146.70265102
11,2048,68,1980,-253013.83810069
11,2048,69,1979,-252880.99534044
11,2048,70,1978,-252748.17406756
11,2048,71,1977,-252615.37398796
11,2048,72,1976,-252482.59481581
11,2048,73,1975,-252349.83627314
11,2048,74,1974,-252217.09808957
11,2048,75,1973,-252084.38000198
11,2048,76,1972,-251951.68175425
11,2048,77,1971,-251819.00309696
11,2048,78,1970,-251686.34378712
11,2048,79,1969,-251553.70358795
11,2048,80,1968,-251421.08226865
11,2048,81,1967,-251288.47960415
11,2048,82,1966,-251155.89537491
11,2048,83,1965,-251023.32936673
11,2048,84,1964,-250890.78137056
11,2048,85,1963,-250758.25118228
11,2048,86,1962,-250625.73860258
11,2048,87,1961,-250493.24343675
11,2048,88,1960,-250360.76549455
11,2048,89,1959,-250228.30459004
11,2048,90,1958,-250095.86054145
11,2048,91,1957,-249963.43317104
11,2048,92,1956,-249831.02230496
11,2048,93,1955,-249698.62777312
11,2048,94,1954,-249566.24940907
11,2048,95,1953,-249433.88704993
11,2048,96,1952,-249301.54053620
11,2048,97,1951,-249169.20971170
11,2048,98,1950,-249036.89442348
11,2048,99,1949,-248904.59452170
11,2048,100,1948,-248772.30985951
11,2048,101,1947,-248640.04029303
11,2048,102,1946,-248507.78568120
11,2048,103,1945,-248375.54588574
11,2048,104,1944,-248243.32077101
11,2048,105,1943,-248111.11020403
11,2048,106,1942,-247978.91405430
11,2048,107,1941,-247846.73219380
11,2048,108,1940,-247714.56449690
11,2048,109,1939,-247582.41084029
11,2048,110,1938,-247450.27110291
11,2048,111,1937,-247318.14516592
11,2048,112,1936,-247186.03291261
11,2048,113,1935,-247053.93422833
11,2048,114,1934,-246921.84900049
11,2048,115,1933,-246789.77711847
11,2048,116,1932,-246657.71847354
11,2048,117,1931,-246525.67295888
11,2048,118,1930,-246393.64046948
11,2048,119,1929,-246261.62090211
11,2048,120,1928,-246129.61415528
11,2048,121,1927,-245997.62012918
11,2048,122,1926,-245865.63872566
11,2048,123,1925,-245733.66984818
11,2048,124,1924,-245601.71340176
11,2048,125,1923,-245469.76929296
11,2048,126,1922,-245337.83742983
11,2048,127,1921,-245205.91772190
11,2048,128,1920,-245074.01008010
11,2048,129,1919,-244942.11441676
11,2048,130,1918,-244810.23064557
11,2048,131,1917,-244678.35868157
11,2048,132,1916,-244546.49844107
11,2048,133,1915,-244414.64984166
11,2048,134,1914,-244282.81280217
11,2048,135,1913,-244150.98724265
11,2048,136,1912,-244019.17308434
11,2048,137,1911,-243887.37024961
11,2048,138,1910,-243755.57866201
11,2048,139,1909,-243623.79824616
11,2048,140,1908,-243492.02892778
11,2048,141,1907,-243360.27063368
11,2048,142,1906,-243228.52329167
11,2048,143,1905,-243096.78683061
11,2048,144,1904,-242965.06118032
11,2048,145,1903,-242833.34627165
11,2048,146,1902,-242701.64203636
11,2048,147,1901,-242569.94840718
11,2048,148,1900,-242438.26531773
11,2048,149,1899,-242306.59270254
11,2048,150,1898,-242174.93049704
11,2048,151,1897,-242043.27863751
11,2048,152,1896,-241911.63706106
11,2048,153,1895,-241780.00570565
11,2048,154,1894,-241648.38451006
11,2048,155,1893,-241516.77341385
11,2048,156,1892,-241385.17235737
11,2048,157,1891,-241253.58128175
11,2048,158,1890,-241122.00012885
11,2048,159,1889,-240990.42884128
11,2048,160,1888,-240858.86736239
11,2048,161,1887,-240727.31563622
11,2048,162,1886,-240595.77360752
11,2048,163,1885,-240464.24122171
11,2048,164,1884,-240332.71842491
11,2048,165,1883,-240201.20516387
11,2048,166,1882,-240069.70138602
11,2048,167,1881,-239938.20703940
11,2048,168,1880,-239806.72207269
11,2048,169,1879,-239675.24643518
11,2048,170,1878,-239543.78007676
11,2048,171,1877,-239412.32294793
11,2048,172,1876,-239280.87499975
11,2048,173,1875,-239149.43618386
11,2048,174,1874,-239018.00645248
11,2048,175,1873,-238886.58575835
11,2048,176,1872,-238755.17405479
11,2048,177,1871,-238623.77129562
11,2048,178,1870,-238492.37743521
11,2048,179,1869,-238360.99242843
11,2048,180,1868,-238229.61623067
11,2048,181,1867,-238098.24879782
11,2048,182,1866,-237966.89008625
11,2048,183,1865,-237835.54005281
11,2048,184,1864,-237704.19865485
11,2048,185,1863,-237572.86585017
11,2048,186,1862,-237441.54159702
11,2048,187,1861,-237310.22585412
11,2048,188,1860,-237178.91858064
11,2048,189,1859,-237047.61973615
11,2048,190,1858,-236916.32928071
11,2048,191,1857,-236785.04717475
11,2048,192,1856,-236653.77337915
11,2048,193,1855,-236522.50785519
11,2048,194,1854,-236391.25056456
11,2048,195,1853,-236260.00146935
11,2048,196,1852,-236128.76053203
11,2048,197,1851,-235997.52771546
11,2048,198,1850,-235866.30298290
11,2048,199,1849,-235735.08629797
11,2048,200,1848,-235603.87762465
11,2048,201,1847,-235472.67692730
11,2048,202,1846,-235341.48417063
11,2048,203,1845,-235210.29931971
11,2048,204,1844,-235079.12233995
11,2048,205,1843,-234947.95319711
11,2048,206,1842,-234816.79185728
11,2048,207,1841,-234685.63828689
11,2048,208,1840,-234554.49245270
11,2048,209,1839,-234423.35432178
11,2048,210,1838,-234292.22386153
11,2048,211,1837,-234161.10103967
11,2048,212,1836,-234029.98582421
11,2048,213,1835,-233898.87818349
11,2048,214,1834,-233767.77808613
11,2048,215,1833,-233636.68550106
11,2048,216,1832,-233505.60039749
11,2048,217,1831,-233374.52274493
11,2048,218,1830,-233243.45251318
11,2048,219,1829,-233112.38967231
11,2048,220,1828,-232981.33419266
11,2048,221,1827,-232850.28604486
11,2048,222,1826,-232719.24519981
11,2048,223,1825,-232588.21162866
11,2048,224,1824,-232457.18530284
11,2048,225,1823,-232326.16619401
11,2048,226,1822,-232195.15427413
11,2048,227,1821,-232064.14951537
11,2048,228,1820,-231933.15189018
11,2048,229,1819,-231802.16137123
11,2048,230,1818,-231671.17793146
11,2048,231,1817,-231540.20154401
11,2048,232,1816,-231409.23218230
11,2048,233,1815,-231278.26981996
11,2048,234,1814,-231147.31443085
11,2048,235,1813,-231016.36598905
11,2048,236,1812,-230885.42446889
11,2048,237,1811,-230754.48984490
11,2048,238,1810,-230623.56209184
11,2048,239,1809,-230492.64118466
11,2048,240,1808,-230361.72709856
11,2048,241,1807,-230230.81980894
11,2048,242,1806,-230099.91929138
11,2048,243,1805,-229969.02552171
11,2048,244,1804,-229838.13847593
11,2048,245,1803,-229707.25813024
11,2048,246,1802,-229576.38446107
11,2048,247,1801,-229445.51744500
11,2048,248,1800,-229314.65705885
11,2048,249,1799,-229183.80327959
11,2048,250,1798,-229052.95608440
11,2048,251,1797,-228922.11545065
11,2048,252,1796,-228791.28135588
11,2048,253,1795,-228660.45377782
11,2048,254,1794,-228529.63269438
11,2048,255,1793,-228398.81808364
11,2048,256,1792,-228268.00992387
11,2048,257,1791,-228137.20819349
11,2048,258,1790,-228006.41287113
11,2048,259,1789,-227875.62393554
11,2048,260,1788,-227744.84136568
11,2048,261,1787,-227614.06514066
11,2048,262,1786,-227483.29523974
11,2048,263,1785,-227352.53164237
11,2048,264,1784,-227221.77432813
11,2048,265,1783,-227091.02327678
11,2048,266,1782,-226960.27846822
11,2048,267,1781,-226829.53988253
11,2048,268,1780,-226698.80749992
11,2048,269,1779,-226568.08130076
11,2048,270,1778,-226437.36126556
11,2048,271,1777,-226306.64737499
11,2048,272,1776,-226175.93960987
11,2048,273,1775,-226045.23795114
11,2048,274,1774,-225914.54237992
11,2048,275,1773,-225783.85287743
11,2048,276,1772,-225653.16942507
11,2048,277,1771,-225522.49200434
11,2048,278,1770,-225391.82059692
11,2048,279,1769,-225261.15518459
11,2048,280,1768,-225130.49574927
11,2048,281,1767,-224999.84227303
11,2048,282,1766,-224869.19473806
11,2048,283,1765,-224738.55312668
11,2048,284,1764,-224607.91742133
11,2048,285,1763,-224477.28760459
11,2048,286,1762,-224346.66365917
11,2048,287,1761,-224216.04556789
11,2048,288,1760,-224085.43331369
11,2048,289,1759,-223954.82687966
11,2048,290,1758,-223824.22624898
11,2048,291,1757,-223693.63140497
11,2048,292,1756,-223563.04233106
11,2048,293,1755,-223432.45901078
11,2048,294,1754,-223301.88142781
11,2048,295,1753,-223171.30956592
11,2048,296,1752,-223040.74340901
11,2048,297,1751,-222910.18294107
11,2048,298,1750,-222779.62814622
11,2048,299,1749,-222649.07900869
11,2048,300,1748,-222518.53551280
11,2048,301,1747,-222387.99764301
11,2048,302,1746,-222257.46538386
11,2048,303,1745,-222126.93872000
11,2048,304,1744,-221996.41763619
11,2048,305,1743,-221865.90211730
11,2048,306,1742,-221735.39214829
11,2048,307,1741,-221604.88771422
11,2048,308,1740,-221474.38880028
11,2048,309,1739,-221343.89539171
11,2048,310,1738,-221213.40747390
11,2048,311,1737,-221082.92503230
11,2048,312,1736,-220952.44805248
11,2048,313,1735,-220821.97652010
11,2048,314,1734,-220691.51042090
11,2048,315,1733,-220561.04974074
11,2048,316,1732,-220430.59446554
11,2048,317,1731,-220300.14458136
11,2048,318,1730,-220169.70007431
11,2048,319,1729,-220039.26093060
11,2048,320,1728,-219908.82713654
11,2048,321,1727,-219778.39867852
11,2048,322,1726,-219647.97554303
11,2048,323,1725,-219517.55771664
11,2048,324,1724,-219387.14518600
11,2048,325,1723,-219256.73793784
11,2048,326,1722,-219126.33595901
11,2048,327,1721,-218995.93923641
11,2048,328,1720,-218865.54775703
11,2048,329,1719,-218735.16150796
11,2048,330,1718,-218604.78047634
11,2048,331,1717,-218474.40464943
11,2048,332,1716,-218344.03401454
11,2048,333,1715,-218213.66855906
11,2048,334,1714,-218083.30827050
11,2048,335,1713,-217952.95313639
11,2048,336,1712,-217822.60314437
11,2048,337,1711,-217692.25828217
11,2048,338,1710,-217561.91853756
11,2048,339,1709,-217431.58389841
11,2048,340,1708,-217301.25435267
11,2048,341,1707,-217170.92988834
11,2048,342,1706,-217040.61049351
11,2048,343,1705,-216910.29615634
11,2048,344,1704,-216779.98686508
11,2048,345,1703,-216649.68260801
11,2048,346,1702,-216519.38337351
11,2048,347,1701,-216389.08915005
11,2048,348,1700,-216258.79992612
11,2048,349,1699,-216128.51569031
11,2048,350,1698,-215998.23643129
11,2048,351,1697,-215867.96213776
11,2048,352,1696,-215737.69279853
11,2048,353,1695,-215607.42840245
11,2048,354,1694,-215477.16893844
11,2048,355,1693,-215346.91439550
11,2048,356,1692,-215216.66476267
11,2048,357,1691,-215086.42002908
11,2048,358,1690,-214956.18018391
11,2048,359,1689,-214825.94521642
11,2048,360,1688,-214695.71511590
11,2048,361,1687,-214565.48987174
11,2048,362,1686,-214435.26947337
11,2048,363,1685,-214305.05391028
11,2048,364,1684,-214174.84317205
11,2048,365,1683,-214044.63724828
11,2048,366,1682,-213914.43612866
11,2048,367,1681,-213784.23980292
11,2048,368,1680,-213654.04826087
11,2048,369,1679,-213523.86149235
11,2048,370,1678,-213393.67948730
11,2048,371,1677,-213263.50223568
11,2048,372,1676,-213133.32972751
11,2048,373,1675,-213003.16195290
11,2048,374,1674,-212872.99890198
11,2048,375,1673,-212742.84056495
11,2048,376,1672,-212612.68693207
11,2048,377,1671,-212482.53799366
11,2048,378,1670,-212352.39374006
11,2048,379,1669,-212222.25416171
11,2048,380,1668,-212092.11924908
11,2048,381,1667,-211961.98899270
11,2048,382,1666,-211831.86338313
11,2048,383,1665,-211701.74241103
11,2048,384,1664,-211571.62606707
11,2048,385,1663,-211441.51434199
11,2048,386,1662,-211311.40722657
11,2048,387,1661,-211181.30471166
11,2048,388,1660,-211051.20678814
11,2048,389,1659,-210921.11344696
11,2048,390,1658,-210791.02467911
11,2048,391,1657,-210660.94047561
11,2048,392,1656,-210530.86082757
11,2048,393,1655,-210400.78572611
11,2048,394,1654,-210270.71516243
11,2048,395,1653,-210140.64912776
11,2048,396,1652,-210010.58761337
11,2048,397,1651,-209880.53061059
11,2048,398,1650,-209750.47811081
11,2048,399,1649,-209620.43010543
11,2048,400,1648,-209490.38658594
11,2048,401,1647,-209360.34754384
11,2048,402,1646,-209230.31297069
11,2048,403,1645,-209100.28285810
11,2048,404,1644,-208970.25719771
11,2048,405,1643,-208840.23598123
11,2048,406,1642,-208710.21920038
11,2048,407,1641,-208580.20684695
11,2048,408,1640,-208450.19891277
11,2048,409,1639,-208320.19538970
11,2048,410,1638,-208190.19626966
11,2048,411,1637,-208060.20154461
11,2048,412,1636,-207930.21120653
11,2048,413,1635,-207800.22524747
11,2048,414,1634,-207670.24365950
11,2048,415,1633,-207540.26643476
11,2048,416,1632,-207410.29356540
11,2048,417,1631,-207280.32504364
11,2048,418,1630,-207150.36086170
11,2048,419,1629,-207020.40101189
11,2048,420,1628,-206890.44548651
11,2048,421,1627,-206760.49427795
11,2048,422,1626,-206630.54737861
11,2048,423,1625,-206500.60478092
11,2048,424,1624,-206370.66647737
11,2048,425,1623,-206240.73246048
11,2048,426,1622,-206110.80272282
11,2048,427,1621,-205980.87725697
11,2048,428,1620,-205850.95605558
11,2048,429,1619,-205721.03911132
11,2048,430,1618,-205591.12641690
11,2048,431,1617,-205461.21796507
11,2048,432,1616,-205331.31374861
11,2048,433,1615,-205201.41376034
11,2048,434,1614,-205071.51799312
11,2048,435,1613,-204941.62643985
11,2048,436,1612,-204811.73909345
11,2048,437,1611,-204681.85594689
11,2048,438,1610,-204551.97699318
11,2048,439,1609,-204422.10222533
11,2048,440,1608,-204292.23163643
11,2048,441,1607,-204162.36521959
11,2048,442,1606,-204032.50296793
11,2048,443,1605,-203902.64487465
11,2048,444,1604,-203772.79093293
11,2048,445,1603,-203642.94113603
11,2048,446,1602,-203513.09547722
11,2048,447,1601,-203383.25394981
11,2048,448,1600,-203253.41654714
11,2048,449,1599,-203123.58326258
11,2048,450,1598,-202993.75408955
11,2048,451,1597,-202863.92902148
11,2048,452,1596,-202734.10805185
11,2048,453,1595,-202604.29117415
11,2048,454,1594,-202474.47838193
11,2048,455,1593,-202344.66966875
11,2048,456,1592,-202214.86502821
11,2048,457,1591,-202085.06445395
11,2048,458,1590,-201955.26793961
11,2048,459,1589,-201825.47547891
11,2048,460,1588,-201695.68706555
11,2048,461,1587,-201565.90269329
11,2048,462,1586,-201436.12235592
11,2048,463,1585,-201306.34604725
11,2048,464,1584,-201176.57376112
11,2048,465,1583,-201046.80549140
11,2048,466,1582,-200917.04123201
11,2048,467,1581,-200787.28097686
11,2048,468,1580,-200657.52471993
11,2048,469,1579,-200527.77245520
11,2048,470,1578,-200398.02417669
11,2048,471,1577,-200268.27987845
11,2048,472,1576,-200138.53955456
11,2048,473,1575,-200008.80319911
11,2048,474,1574,-199879.07080624
11,2048,475,1573,-199749.34237012
11,2048,476,1572,-199619.61788493
11,2048,477,1571,-199489.89734488
11,2048,478,1570,-199360.18074423
11,2048,479,1569,-199230.46807723
11,2048,480,1568,-199100.75933819
11,2048,481,1567,-198971.05452143
11,2048,482,1566,-198841.35362130
11,2048,483,1565,-198711.65663218
11,2048,484,1564,-198581.96354848
11,2048,485,1563,-198452.27436462
11,2048,486,1562,-198322.58907506
11,2048,487,1561,-198192.90767428
11,2048,488,1560,-198063.23015680
11,2048,489,1559,-197933.55651714
11,2048,490,1558,-197803.88674986
11,2048,491,1557,-197674.22084956
11,2048,492,1556,-197544.55881084
11,2048,493,1555,-197414.90062833
11,2048,494,1554,-197285.24629669
11,2048,495,1553,-197155.59581062
11,2048,496,1552,-197025.94916482
11,2048,497,1551,-196896.30635402
11,2048,498,1550,-196766.66737298
11,2048,499,1549,-196637.03221648
11,2048,500,1548,-196507.40087934
11,2048,501,1547,-196377.77335637
11,2048,502,1546,-196248.14964245
11,2048,503,1545,-196118.52973243
11,2048,504,1544,-195988.91362123
11,2048,505,1543,-195859.30130377
11,2048,506,1542,-195729.69277500
11,2048,507,1541,-195600.08802989
11,2048,508,1540,-195470.48706343
11,2048,509,1539,-195340.88987064
11,2048,510,1538,-195211.29644656
11,2048,511,1537,-195081.70678625
11,2048,512,1536,-194952.12088480
11,2048,513,1535,-194822.53873732
11,2048,514,1534,-194692.96033893
11,2048,515,1533,-194563.38568478
11,2048,516,1532,-194433.81477006
11,2048,517,1531,-194304.24758994
11,2048,518,1530,-194174.68413966
11,2048,519,1529,-194045.12441446
11,2048,520,1528,-193915.56840958
11,2048,521,1527,-193786.01612031
11,2048,522,1526,-193656.46754196
11,2048,523,1525,-193526.92266985
11,2048,524,1524,-193397.38149933
11,2048,525,1523,-193267.84402575
11,2048,526,1522,-193138.31024451
11,2048,527,1521,-193008.78015102
11,2048,528,1520,-192879.25374070
11,2048,529,1519,-192749.73100901
11,2048,530,1518,-192620.21195140
11,2048,531,1517,-192490.69656338
11,2048,532,1516,-192361.18484044
11,2048,533,1515,-192231.67677813
11,2048,534,1514,-192102.17237198
11,2048,535,1513,-191972.67161757
11,2048,536,1512,-191843.17451049
11,2048,537,1511,-191713.68104634
11,2048,538,1510,-191584.19122076
11,2048,539,1509,-191454.70502939
11,2048,540,1508,-191325.22246790
11,2048,541,1507,-191195.74353197
11,2048,542,1506,-191066.26821731
11,2048,543,1505,-190936.79651964
11,2048,544,1504,-190807.32843471
11,2048,545,1503,-190677.86395828
11,2048,546,1502,-190548.40308612
11,2048,547,1501,-190418.94581405
11,2048,548,1500,-190289.49213787
11,2048,549,1499,-190160.04205342
11,2048,550,1498,-190030.59555656
11,2048,551,1497,-189901.15264316
11,2048,552,1496,-189771.71330912
11,2048,553,1495,-189642.27755033
11,2048,554,1494,-189512.84536272
11,2048,555,1493,-189383.41674225
11,2048,556,1492,-189253.99168487
11,2048,557,1491,-189124.57018657
11,2048,558,1490,-188995.15224334
11,2048,559,1489,-188865.73785120
11,2048,560,1488,-188736.32700618
11,2048,561,1487,-188606.91970433
11,2048,562,1486,-188477.51594171
11,2048,563,1485,-188348.11571443
11,2048,564,1484,-188218.71901856
11,2048,565,1483,-188089.32585024
11,2048,566,1482,-187959.93620560
11,2048,567,1481,-187830.55008080
11,2048,568,1480,-187701.16747199
11,2048,569,1479,-187571.78837537
11,2048,570,1478,-187442.41278714
11,2048,571,1477,-187313.04070352
11,2048,572,1476,-187183.67212075
11,2048,573,1475,-187054.30703507
11,2048,574,1474,-186924.94544276
11,2048,575,1473,-186795.58734010
11,2048,576,1472,-186666.23272338
11,2048,577,1471,-186536.88158894
11,2048,578,1470,-186407.53393309
11,2048,579,1469,-186278.18975219
11,2048,580,1468,-186148.84904260
11,2048,581,1467,-186019.51180070
11,2048,582,1466,-185890.17802288
11,2048,583,1465,-185760.84770557
11,2048,584,1464,-185631.52084518
11,2048,585,1463,-185502.19743815
11,2048,586,1462,-185372.87748095
11,2048,587,1461,-185243.56097005
11,2048,588,1460,-185114.24790193
11,2048,589,1459,-184984.93827310
11,2048,590,1458,-184855.63208008
11,2048,591,1457,-184726.32931940
11,2048,592,1456,-184597.02998760
11,2048,593,1455,-184467.73408125
11,2048,594,1454,-184338.44159694
11,2048,595,1453,-184209.15253124
11,2048,596,1452,-184079.86688077
11,2048,597,1451,-183950.58464216
11,2048,598,1450,-183821.30581203
11,2048,599,1449,-183692.03038704
11,2048,600,1448,-183562.75836385
11,2048,601,1447,-183433.48973914
11,2048,602,1446,-183304.22450961
11,2048,603,1445,-183174.96267197
11,2048,604,1444,-183045.70422293
11,2048,605,1443,-182916.44915923
11,2048,606,1442,-182787.19747763
11,2048,607,1441,-182657.94917489
11,2048,608,1440,-182528.70424778
11,2048,609,1439,-182399.46269310
11,2048,610,1438,-182270.22450766
11,2048,611,1437,-182140.98968827
11,2048,612,1436,-182011.75823176
11,2048,613,1435,-181882.53013499
11,2048,614,1434,-181753.30539482
11,2048,615,1433,-181624.08400811
11,2048,616,1432,-181494.86597176
11,2048,617,1431,-181365.65128266
11,2048,618,1430,-181236.43993773
11,2048,619,1429,-181107.23193390
11,2048,620,1428,-180978.02726810
11,2048,621,1427,-180848.82593730
11,2048,622,1426,-180719.62793845
11,2048,623,1425,-180590.43326853
11,2048,624,1424,-180461.24192455
11,2048,625,1423,-180332.05390350
11,2048,626,1422,-180202.86920240
11,2048,627,1421,-180073.68781828
11,2048,628,1420,-179944.50974819
11,2048,629,1419,-179815.33498918
11,2048,630,1418,-179686.16353833
11,2048,631,1417,-179556.99539270
11,2048,632,1416,-179427.83054941
11,2048,633,1415,-179298.66900555
11,2048,634,1414,-179169.51075824
11,2048,635,1413,-179040.35580462
11,2048,636,1412,-178911.20414182
11,2048,637,1411,-178782.05576701
11,2048,638,1410,-178652.91067735
11,2048,639,1409,-178523.76887003
11,2048,640,1408,-178394.63034222
11,2048,641,1407,-178265.49509115
11,2048,642,1406,-178136.36311403
11,2048,643,1405,-178007.23440808
11,2048,644,1404,-177878.10897054
11,2048,645,1403,-177748.98679867
11,2048,646,1402,-177619.86788973
11,2048,647,1401,-177490.75224100
11,2048,648,1400,-177361.63984976
11,2048,649,1399,-177232.53071332
11,2048,650,1398,-177103.42482898
11,2048,651,1397,-176974.32219406
11,2048,652,1396,-176845.22280591
11,2048,653,1395,-176716.12666187
11,2048,654,1394,-176587.03375929
11,2048,655,1393,-176457.94409554
11,2048,656,1392,-176328.85766800
11,2048,657,1391,-176199.77447406
11,2048,658,1390,-176070.69451113
11,2048,659,1389,-175941.61777662
11,2048,660,1388,-175812.54426795
11,2048,661,1387,-175683.47398256
11,2048,662,1386,-175554.40691789
11,2048,663,1385,-175425.34307141
11,2048,664,1384,-175296.28244058
11,2048,665,1383,-175167.22502289
11,2048,666,1382,-175038.17081581
11,2048,667,1381,-174909.11981686
11,2048,668,1380,-174780.07202355
11,2048,669,1379,-174651.02743340
11,2048,670,1378,-174521.98604394
11,2048,671,1377,-174392.94785273
11,2048,672,1376,-174263.91285731
11,2048,673,1375,-174134.88105525
11,2048,674,1374,-174005.85244412
11,2048,675,1373,-173876.82702153
11,2048,676,1372,-173747.80478505
11,2048,677,1371,-173618.78573231
11,2048,678,1370,-173489.76986092
11,2048,679,1369,-173360.75716850
11,2048,680,1368,-173231.74765271
11,2048,681,1367,-173102.74131118
11,2048,682,1366,-172973.73814158
11,2048,683,1365,-172844.73814158
11,2048,684,1364,-172715.74130886
11,2048,685,1363,-172586.74764111
11,2048,686,1362,-172457.75713603
11,2048,687,1361,-172328.76979133
11,2048,688,1360,-172199.78560473
11,2048,689,1359,-172070.80457397
11,2048,690,1358,-171941.82669678
11,2048,691,1357,-171812.85197092
11,2048,692,1356,-171683.88039414
11,2048,693,1355,-171554.91196422
11,2048,694,1354,-171425.94667894
11,2048,695,1353,-171296.98453608
11,2048,696,1352,-171168.02553345
11,2048,697,1351,-171039.06966886
11,2048,698,1350,-170910.11694013
11,2048,699,1349,-170781.16734508
11,2048,700,1348,-170652.22088156
11,2048,701,1347,-170523.27754741
11,2048,702,1346,-170394.33734050
11,2048,703,1345,-170265.40025868
11,2048,704,1344,-170136.46629984
11,2048,705,1343,-170007.53546187
11,2048,706,1342,-169878.60774265
11,2048,707,1341,-169749.68314010
11,2048,708,1340,-169620.76165213
11,2048,709,1339,-169491.84327666
11,2048,710,1338,-169362.92801163
11,2048,711,1337,-169234.01585498
11,2048,712,1336,-169105.10680466
11,2048,713,1335,-168976.20085863
11,2048,714,1334,-168847.29801487
11,2048,715,1333,-168718.39827135
11,2048,716,1332,-168589.50162606
11,2048,717,1331,-168460.60807701
11,2048,718,1330,-168331.71762218
11,2048,719,1329,-168202.83025961
11,2048,720,1328,-168073.94598732
11,2048,721,1327,-167945.06480334
11,2048,722,1326,-167816.18670571
11,2048,723,1325,-167687.31169249
11,2048,724,1324,-167558.43976173
11,2048,725,1323,-167429.57091151
11,2048,726,1322,-167300.70513990
11,2048,727,1321,-167171.84244499
11,2048,728,1320,-167042.98282488
11,2048,729,1319,-166914.12627767
11,2048,730,1318,-166785.27280148
11,2048,731,1317,-166656.42239442
11,2048,732,1316,-166527.57505462
11,2048,733,1315,-166398.73078024
11,2048,734,1314,-166269.88956941
11,2048,735,1313,-166141.05142029
11,2048,736,1312,-166012.21633104
11,2048,737,1311,-165883.38429985
11,2048,738,1310,-165754.55532488
11,2048,739,1309,-165625.72940434
11,2048,740,1308,-165496.90653642
11,2048,741,1307,-165368.08671933
11,2048,742,1306,-165239.26995128
11,2048,743,1305,-165110.45623049
11,2048,744,1304,-164981.64555521
11,2048,745,1303,-164852.83792368
11,2048,746,1302,-164724.03333413
11,2048,747,1301,-164595.23178483
11,2048,748,1300,-164466.43327404
11,2048,749,1299,-164337.63780004
11,2048,750,1298,-164208.84536111
11,2048,751,1297,-164080.05595554
11,2048,752,1296,-163951.26958163
11,2048,753,1295,-163822.48623768
11,2048,754,1294,-163693.70592201
11,2048,755,1293,-163564.92863294
11,2048,756,1292,-163436.15436881
11,2048,757,1291,-163307.38312794
11,2048,758,1290,-163178.61490869
11,2048,759,1289,-163049.84970942
11,2048,760,1288,-162921.08752848
11,2048,761,1287,-162792.32836425
11,2048,762,1286,-162663.57221509
11,2048,763,1285,-162534.81907941
11,2048,764,1284,-162406.06895560
11,2048,765,1283,-162277.32184205
11,2048,766,1282,-162148.57773718
11,2048,767,1281,-162019.83663940
11,2048,768,1280,-161891.09854714
11,2048,769,1279,-161762.36345883
11,2048,770,1278,-161633.63137292
11,2048,771,1277,-161504.90228785
11,2048,772,1276,-161376.17620207
11,2048,773,1275,-161247.45311406
11,2048,774,1274,-161118.73302229
11,2048,775,1273,-160990.01592523
11,2048,776,1272,-160861.30182136
11,2048,777,1271,-160732.59070920
11,2048,778,1270,-160603.88258723
11,2048,779,1269,-160475.17745396
11,2048,780,1268,-160346.47530792
11,2048,781,1267,-160217.77614763
11,2048,782,1266,-160089.07997162
11,2048,783,1265,-159960.38677843
11,2048,784,1264,-159831.69656660
11,2048,785,1263,-159703.00933470
11,2048,786,1262,-159574.32508128
11,2048,787,1261,-159445.64380491
11,2048,788,1260,-159316.96550417
11,2048,789,1259,-159188.29017764
11,2048,790,1258,-159059.61782391
11,2048,791,1257,-158930.94844159
11,2048,792,1256,-158802.28202928
11,2048,793,1255,-158673.61858558
11,2048,794,1254,-158544.95810913
11,2048,795,1253,-158416.30059855
11,2048,796,1252,-158287.64605247
11,2048,797,1251,-158158.99446954
11,2048,798,1250,-158030.34584840
11,2048,799,1249,-157901.70018771
11,2048,800,1248,-157773.05748614
11,2048,801,1247,-157644.41774235
11,2048,802,1246,-157515.78095503
11,2048,803,1245,-157387.14712285
11,2048,804,1244,-157258.51624452
11,2048,805,1243,-157129.88831872
11,2048,806,1242,-157001.26334417
11,2048,807,1241,-156872.64131957
11,2048,808,1240,-156744.02224366
11,2048,809,1239,-156615.40611514
11,2048,810,1238,-156486.79293277
11,2048,811,1237,-156358.18269527
11,2048,812,1236,-156229.57540141
11,2048,813,1235,-156100.97104992
11,2048,814,1234,-155972.36963958
11,2048,815,1233,-155843.77116915
11,2048,816,1232,-155715.17563741
11,2048,817,1231,-155586.58304313
11,2048,818,1230,-155457.99338512
11,2048,819,1229,-155329.40666216
11,2048,820,1228,-155200.82287306
11,2048,821,1227,-155072.24201663
11,2048,822,1226,-154943.66409168
11,2048,823,1225,-154815.08909703
11,2048,824,1224,-154686.51703153
11,2048,825,1223,-154557.94789399
11,2048,826,1222,-154429.38168328
11,2048,827,1221,-154300.81839823
11,2048,828,1220,-154172.25803770
11,2048,829,1219,-154043.70060056
11,2048,830,1218,-153915.14608567
11,2048,831,1217,-153786.59449192
11,2048,832,1216,-153658.04581819
11,2048,833,1215,-153529.50006336
11,2048,834,1214,-153400.95722633
11,2048,835,1213,-153272.41730602
11,2048,836,1212,-153143.88030131
11,2048,837,1211,-153015.34621114
11,2048,838,1210,-152886.81503443
11,2048,839,1209,-152758.28677009
11,2048,840,1208,-152629.76141708
11,2048,841,1207,-152501.23897433
11,2048,842,1206,-152372.71944080
11,2048,843,1205,-152244.20281542
11,2048,844,1204,-152115.68909718
11,2048,845,1203,-151987.17828504
11,2048,846,1202,-151858.67037796
11,2048,847,1201,-151730.16537494
11,2048,848,1200,-151601.66327496
11,2048,849,1199,-151473.16407701
11,2048,850,1198,-151344.66778010
11,2048,851,1197,-151216.17438323
11,2048,852,1196,-151087.68388541
11,2048,853,1195,-150959.19628567
11,2048,854,1194,-150830.71158303
11,2048,855,1193,-150702.22977652
11,2048,856,1192,-150573.75086517
11,2048,857,1191,-150445.27484805
11,2048,858,1190,-150316.80172419
11,2048,859,1189,-150188.33149265
11,2048,860,1188,-150059.86415250
11,2048,861,1187,-149931.39970281
11,2048,862,1186,-149802.93814265
11,2048,863,1185,-149674.47947110
11,2048,864,1184,-149546.02368726
11,2048,865,1183,-149417.57079022
11,2048,866,1182,-149289.12077907
11,2048,867,1181,-149160.67365294
11,2048,868,1180,-149032.22941092
11,2048,869,1179,-148903.78805214
11,2048,870,1178,-148775.34957573
11,2048,871,1177,-148646.91398081
11,2048,872,1176,-148518.48126653
11,2048,873,1175,-148390.05143203
11,2048,874,1174,-148261.62447646
11,2048,875,1173,-148133.20039897
11,2048,876,1172,-148004.77919874
11,2048,877,1171,-147876.36087491
11,2048,878,1170,-147747.94542668
11,2048,879,1169,-147619.53285322
11,2048,880,1168,-147491.12315372
11,2048,881,1167,-147362.71632737
11,2048,882,1166,-147234.31237337
11,2048,883,1165,-147105.91129093
11,2048,884,1164,-146977.51307925
11,2048,885,1163,-146849.11773755
11,2048,886,1162,-146720.72526506
11,2048,887,1161,-146592.33566100
11,2048,888,1160,-146463.94892461
11,2048,889,1159,-146335.56505512
11,2048,890,1158,-146207.18405180
11,2048,891,1157,-146078.80591388
11,2048,892,1156,-145950.43064063
11,2048,893,1155,-145822.05823132
11,2048,894,1154,-145693.68868520
11,2048,895,1153,-145565.32200156
11,2048,896,1152,-145436.95817969
11,2048,897,1151,-145308.59721886
11,2048,898,1150,-145180.23911838
11,2048,899,1149,-145051.88387754
11,2048,900,1148,-144923.53149565
11,2048,901,1147,-144795.18197202
11,2048,902,1146,-144666.83530596
11,2048,903,1145,-144538.49149681
11,2048,904,1144,-144410.15054389
11,2048,905,1143,-144281.81244654
11,2048,906,1142,-144153.47720409
11,2048,907,1141,-144025.14481589
11,2048,908,1140,-143896.81528131
11,2048,909,1139,-143768.48859968
11,2048,910,1138,-143640.16477038
11,2048,911,1137,-143511.84379279
11,2048,912,1136,-143383.52566626
11,2048,913,1135,-143255.21039019
11,2048,914,1134,-143126.89796396
11,2048,915,1133,-142998.58838697
11,2048,916,1132,-142870.28165861
11,2048,917,1131,-142741.97777830
11,2048,918,1130,-142613.67674542
11,2048,919,1129,-142485.37855942
11,2048,920,1128,-142357.08321970
11,2048,921,1127,-142228.79072569
11,2048,922,1126,-142100.50107683
11,2048,923,1125,-141972.21427256
11,2048,924,1124,-141843.93031231
11,2048,925,1123,-141715.64919555
11,2048,926,1122,-141587.37092172
11,2048,927,1121,-141459.09549029
11,2048,928,1120,-141330.82290072
11,2048,929,1119,-141202.55315249
11,2048,930,1118,-141074.28624507
11,2048,931,1117,-140946.02217796
11,2048,932,1116,-140817.76095063
11,2048,933,1115,-140689.50256259
11,2048,934,1114,-140561.24701334
11,2048,935,1113,-140432.99430237
11,2048,936,1112,-140304.74442922
11,2048,937,1111,-140176.49739338
11,2048,938,1110,-140048.25319439
11,2048,939,1109,-139920.01183178
11,2048,940,1108,-139791.77330508
11,2048,941,1107,-139663.53761382
11,2048,942,1106,-139535.30475757
11,2048,943,1105,-139407.07473586
11,2048,944,1104,-139278.84754825
11,2048,945,1103,-139150.62319431
11,2048,946,1102,-139022.40167361
11,2048,947,1101,-138894.18298572
11,2048,948,1100,-138765.96713021
11,2048,949,1099,-138637.75410668
11,2048,950,1098,-138509.54391471
11,2048,951,1097,-138381.33655391
11,2048,952,1096,-138253.13202386
11,2048,953,1095,-138124.93032418
11,2048,954,1094,-137996.73145448
11,2048,955,1093,-137868.53541438
11,2048,956,1092,-137740.34220350
11,2048,957,1091,-137612.15182148
11,2048,958,1090,-137483.96426794
11,2048,959,1089,-137355.77954252
11,2048,960,1088,-137227.59764488
11,2048,961,1087,-137099.41857466
11,2048,962,1086,-136971.24233152
11,2048,963,1085,-136843.06891512
11,2048,964,1084,-136714.89832513
11,2048,965,1083,-136586.73056122
11,2048,966,1082,-136458.56562307
11,2048,967,1081,-136330.40351036
11,2048,968,1080,-136202.24422279
11,2048,969,1079,-136074.08776005
11,2048,970,1078,-135945.93412184
11,2048,971,1077,-135817.78330786
11,2048,972,1076,-135689.63531783
11,2048,973,1075,-135561.49015146
11,2048,974,1074,-135433.34780848
11,2048,975,1073,-135305.20828861
11,2048,976,1072,-135177.07159159
11,2048,977,1071,-135048.93771715
11,2048,978,1070,-134920.80666504
11,2048,979,1069,-134792.67843501
11,2048,980,1068,-134664.55302681
11,2048,981,1067,-134536.43044020
11,2048,982,1066,-134408.31067496
11,2048,983,1065,-134280.19373084
11,2048,984,1064,-134152.07960763
11,2048,985,1063,-134023.96830511
11,2048,986,1062,-133895.85982306
11,2048,987,1061,-133767.75416129
11,2048,988,1060,-133639.65131958
11,2048,989,1059,-133511.55129774
11,2048,990,1058,-133383.45409558
11,2048,991,1057,-133255.35971292
11,2048,992,1056,-133127.26814957
11,2048,993,1055,-132999.17940535
11,2048,994,1054,-132871.09348011
11,2048,995,1053,-132743.01037368
11,2048,996,1052,-132614.93008589
11,2048,997,1051,-132486.85261659
11,2048,998,1050,-132358.77796564
11,2048,999,1049,-132230.70613290
11,2048,1000,1048,-132102.63711822
11,2048,1001,1047,-131974.57092148
11,2048,1002,1046,-131846.50754254
11,2048,1003,1045,-131718.44698130
11,2048,1004,1044,-131590.38923763
11,2048,1005,1043,-131462.33431141
11,2048,1006,1042,-131334.28220256
11,2048,1007,1041,-131206.23291097
11,2048,1008,1040,-131078.18643654
11,2048,1009,1039,-130950.14277918
11,2048,1010,1038,-130822.10193882
11,2048,1011,1037,-130694.06391538
11,2048,1012,1036,-130566.02870877
11,2048,1013,1035,-130437.99631894
11,2048,1014,1034,-130309.96674583
11,2048,1015,1033,-130181.93998937
11,2048,1016,1032,-130053.91604952
11,2048,1017,1031,-129925.89492623
11,2048,1018,1030,-129797.87661945
11,2048,1019,1029,-129669.86112917
11,2048,1020,1028,-129541.84845534
11,2048,1021,1027,-129413.83859794
11,2048,1022,1026,-129285.83155696
11,2048,1023,1025,-129157.82733237
11,2048,1024,1024,-129029.82592417
11,2048,1025,1023,-128901.82733237
11,2048,1026,1022,-128773.83155696
11,2048,1027,1021,-128645.83859794
11,2048,1028,1020,-128517.84845534
11,2048,1029,1019,-128389.86112917
11,2048,1030,1018,-128261.87661945
11,2048,1031,1017,-128133.89492623
11,2048,1032,1016,-128005.91604952
11,2048,1033,1015,-127877.93998937
11,2048,1034,1014,-127749.96674583
11,2048,1035,1013,-127621.99631894
11,2048,1036,1012,-127494.02870877
11,2048,1037,1011,-127366.06391538
11,2048,1038,1010,-127238.10193882
11,2048,1039,1009,-127110.14277918
11,2048,1040,1008,-126982.18643654
11,2048,1041,1007,-126854.23291097
11,2048,1042,1006,-126726.28220256
11,2048,1043,1005,-126598.33431141
11,2048,1044,1004,-126470.38923763
11,2048,1045,1003,-126342.44698130
11,2048,1046,1002,-126214.50754254
11,2048,1047,1001,-126086.57092148
11,2048,1048,1000,-125958.63711822
11,2048,1049,999,-125830.70613290
11,2048,1050,998,-125702.77796564
11,2048,1051,997,-125574.85261659
11,2048,1052,996,-125446.93008589
11,2048,1053,995,-125319.01037368
11,2048,1054,994,-125191.09348011
11,2048,1055,993,-125063.17940535
11,2048,1056,992,-124935.26814957
11,2048,1057,991,-124807.35971292
11,2048,1058,990,-124679.45409558
11,2048,1059,989,-124551.55129774
11,2048,1060,988,-124423.65131958
11,2048,1061,987,-124295.75416129
11,2048,1062,986,-124167.85982306
11,2048,1063,985,-124039.96830511
11,2048,1064,984,-123912.07960763
11,2048,1065,983,-123784.19373084
11,2048,1066,982,-123656.31067496
11,2048,1067,981,-123528.43044020
11,2048,1068,980,-123400.55302681
11,2048,1069,979,-123272.67843501
11,2048,1070,978,-123144.80666504
11,2048,1071,977,-123016.93771715
11,2048,1072,976,-122889.07159159
11,2048,1073,975,-122761.20828861
11,2048,1074,974,-122633.34780848
11,2048,1075,973,-122505.49015146
11,2048,1076,972,-122377.63531783
11,2048,1077,971,-122249.78330786
11,2048,1078,970,-122121.93412184
11,2048,1079,969,-121994.08776005
11,2048,1080,968,-121866.24422279
11,2048,1081,967,-121738.40351036
11,2048,1082,966,-121610.56562307
11,2048,1083,965,-121482.73056122
11,2048,1084,964,-121354.89832513
11,2048,1085,963,-121227.06891512
11,2048,1086,962,-121099.24233152
11,2048,1087,961,-120971.41857466
11,2048,1088,960,-120843.59764488
11,2048,1089,959,-120715.77954252
11,2048,1090,958,-120587.96426794
11,2048,1091,957,-120460.15182148
11,2048,1092,956,-120332.34220350
11,2048,1093,955,-120204.53541438
11,2048,1094,954,-120076.73145448
11,2048,1095,953,-119948.93032418
11,2048,1096,952,-119821.13202386
11,2048,1097,951,-119693.33655391
11,2048,1098,950,-119565.54391471
11,2048,1099,949,-119437.75410668
11,2048,1100,948,-119309.96713021
11,2048,1101,947,-119182.18298572
11,2048,1102,946,-119054.40167361
11,2048,1103,945,-118926.62319431
11,2048,1104,944,-118798.84754825
11,2048,1105,943,-118671.07473586
11,2048,1106,942,-118543.30475757
11,2048,1107,941,-118415.53761382
11,2048,1108,940,-118287.77330508
11,2048,1109,939,-118160.01183178
11,2048,1110,938,-118032.25319439
11,2048,1111,937,-117904.49739338
11,2048,1112,936,-117776.74442922
11,2048,1113,935,-117648.99430237
11,2048,1114,934,-117521.24701334
11,2048,1115,933,-117393.50256259
11,2048,1116,932,-117265.76095063
11,2048,1117,931,-117138.02217796
11,2048,1118,930,-117010.28624507
11,2048,1119,929,-116882.55315249
11,2048,1120,928,-116754.82290072
11,2048,1121,927,-116627.09549029
11,2048,1122,926,-116499.37092172
11,2048,1123,925,-116371.64919555
11,2048,1124,924,-116243.93031231
11,2048,1125,923,-116116.21427256
11,2048,1126,922,-115988.50107683
11,2048,1127,921,-115860.79072569
11,2048,1128,920,-115733.08321970
11,2048,1129,919,-115605.37855942
11,2048,1130,918,-115477.67674542
11,2048,1131,917,-115349.97777830
11,2048,1132,916,-115222.28165861
11,2048,1133,915,-115094.58838697
11,2048,1134,914,-114966.89796396
11,2048,1135,913,-114839.21039019
11,2048,1136,912,-114711.52566626
11,2048,1137,911,-114583.84379279
11,2048,1138,910,-114456.16477038
11,2048,1139,909,-114328.48859968
11,2048,1140,908,-114200.81528131
11,2048,1141,907,-114073.14481589
11,2048,1142,906,-113945.47720409
11,2048,1143,905,-113817.81244654
11,2048,1144,904,-113690.15054389
11,2048,1145,903,-113562.49149681
11,2048,1146,902,-113434.83530596
11,2048,1147,901,-113307.18197202
11,2048,1148,900,-113179.53149565
11,2048,1149,899,-113051.88387754
11,2048,1150,898,-112924.23911838
11,2048,1151,897,-112796.59721886
11,2048,1152,896,-112668.95817969
11,2048,1153,895,-112541.32200156
11,2048,1154,894,-112413.68868520
11,2048,1155,893,-112286.05823132
11,2048,1156,892,-112158.43064063
11,2048,1157,891,-112030.80591388
11,2048,1158,890,-111903.18405180
11,2048,1159,889,-111775.56505512
11,2048,1160,888,-111647.94892461
11,2048,1161,887,-111520.33566100
11,2048,1162,886,-111392.72526506
11,2048,1163,885,-111265.11773755
11,2048,1164,884,-111137.51307925
11,2048,1165,883,-111009.91129093
11,2048,1166,882,-110882.31237337
11,2048,1167,881,-110754.71632737
11,2048,1168,880,-110627.12315372
11,2048,1169,879,-110499.53285322
11,2048,1170,878,-110371.94542668
11,2048,1171,877,-110244.36087491
11,2048,1172,876,-110116.77919874
11,2048,1173,875,-109989.20039897
11,2048,1174,874,-109861.62447646
11,2048,1175,873,-109734.05143203
11,2048,1176,872,-109606.48126653
11,2048,1177,871,-109478.91398081
11,2048,1178,870,-109351.34957573
11,2048,1179,869,-109223.78805214
11,2048,1180,868,-109096.22941092
11,2048,1181,867,-108968.67365294
11,2048,1182,866,-108841.12077907
11,2048,1183,865,-108713.57079022
11,2048,1184,864,-108586.02368726
11,2048,1185,863,-108458.47947110
11,2048,1186,862,-108330.93814265
11,2048,1187,861,-108203.39970281
11,2048,1188,860,-108075.86415250
11,2048,1189,859,-107948.33149265
11,2048,1190,858,-107820.80172419
11,2048,1191,857,-107693.27484805
11,2048,1192,856,-107565.75086517
11,2048,1193,855,-107438.22977652
11,2048,1194,854,-107310.71158303
11,2048,1195,853,-107183.19628567
11,2048,1196,852,-107055.68388541
11,2048,1197,851,-106928.17438323
11,2048,1198,850,-106800.66778010
11,2048,1199,849,-106673.16407701
11,2048,1200,848,-106545.66327496
11,2048,1201,847,-106418.16537494
11,2048,1202,846,-106290.67037796
11,2048,1203,845,-106163.17828504
11,2048,1204,844,-106035.68909718
11,2048,1205,843,-105908.20281542
11,2048,1206,842,-105780.71944080
11,2048,1207,841,-105653.23897433
11,2048,1208,840,-105525.76141708
11,2048,1209,839,-105398.28677009
11,2048,1210,838,-105270.81503443
11,2048,1211,837,-105143.34621114
11,2048,1212,836,-105015.88030131
11,2048,1213,835,-104888.41730602
11,2048,1214,834,-104760.95722633
11,2048,1215,833,-104633.50006336
11,2048,1216,832,-104506.04581819
11,2048,1217,831,-104378.59449192
11,2048,1218,830,-104251.14608567
11,2048,1219,829,-104123.70060056
11,2048,1220,828,-103996.25803770
11,2048,1221,827,-103868.81839823
11,2048,1222,826,-103741.38168328
11,2048,1223,825,-103613.94789399
11,2048,1224,824,-103486.51703153
11,2048,1225,823,-103359.08909703
11,2048,1226,822,-103231.66409168
11,2048,1227,821,-103104.24201663
11,2048,1228,820,-102976.82287306
11,2048,1229,819,-102849.40666216
11,2048,1230,818,-102721.99338512
11,2048,1231,817,-102594.58304313
11,2048,1232,816,-102467.17563741
11,2048,1233,815,-102339.77116915
11,2048,1234,814,-102212.36963958
11,2048,1235,813,-102084.97104992
11,2048,1236,812,-101957.57540141
11,2048,1237,811,-101830.18269527
11,2048,1238,810,-101702.79293277
11,2048,1239,809,-101575.40611514
11,2048,1240,808,-101448.02224366
11,2048,1241,807,-101320.64131957
11,2048,1242,806,-101193.26334417
11,2048,1243,805,-101065.88831872
11,2048,1244,804,-100938.51624452
11,2048,1245,803,-100811.14712285
11,2048,1246,802,-100683.78095503
11,2048,1247,801,-100556.41774235
11,2048,1248,800,-100429.05748614
11,2048,1249,799,-100301.70018771
11,2048,1250,798,-100174.34584840
11,2048,1251,797,-100046.99446954
11,2048,1252,796,-99919.64605247
11,2048,1253,795,-99792.30059855
11,2048,1254,794,-99664.95810913
11,2048,1255,793,-99537.61858558
11,2048,1256,792,-99410.28202928
11,2048,1257,791,-99282.94844159
11,2048,1258,790,-99155.61782391
11,2048,1259,789,-99028.29017764
11,2048,1260,788,-98900.96550417
11,2048,1261,787,-98773.64380491
11,2048,1262,786,-98646.32508128
11,2048,1263,785,-98519.00933470
11,2048,1264,784,-98391.69656660
11,2048,1265,783,-98264.38677843
11,2048,1266,782,-98137.07997162
11,2048,1267,781,-98009.77614763
11,2048,1268,780,-97882.47530792
11,2048,1269,779,-97755.17745396
11,2048,1270,778,-97627.88258723
11,2048,1271,777,-97500.59070920
11,2048,1272,776,-97373.30182136
11,2048,1273,775,-97246.01592523
11,2048,1274,774,-97118.73302229
11,2048,1275,773,-96991.45311406
11,2048,1276,772,-96864.17620207
11,2048,1277,771,-96736.90228785
11,2048,1278,770,-96609.63137292
11,2048,1279,769,-96482.36345883
11,2048,1280,768,-96355.09854714
11,2048,1281,767,-96227.83663940
11,2048,1282,766,-96100.57773718
11,2048,1283,765,-95973.32184205
11,2048,1284,764,-95846.06895560
11,2048,1285,763,-95718.81907941
11,2048,1286,762,-95591.57221509
11,2048,1287,761,-95464.32836425
11,2048,1288,760,-95337.08752848
11,2048,1289,759,-95209.84970942
11,2048,1290,758,-95082.61490869
11,2048,1291,757,-94955.38312794
11,2048,1292,756,-94828.15436881
11,2048,1293,755,-94700.92863294
11,2048,1294,754,-94573.70592201
11,2048,1295,753,-94446.48623768
11,2048,1296,752,-94319.26958163
11,2048,1297,751,-94192.05595554
11,2048,1298,750,-94064.84536111
11,2048,1299,749,-93937.63780004
11,2048,1300,748,-93810.43327404
11,2048,1301,747,-93683.23178483
11,2048,1302,746,-93556.03333413
11,2048,1303,745,-93428.83792368
11,2048,1304,744,-93301.64555521
11,2048,1305,743,-93174.45623049
11,2048,1306,742,-93047.26995128
11,2048,1307,741,-92920.08671933
11,2048,1308,740,-92792.90653642
11,2048,1309,739,-92665.72940434
11,2048,1310,738,-92538.55532488
11,2048,1311,737,-92411.38429985
11,2048,1312,736,-92284.21633104
11,2048,1313,735,-92157.05142029
11,2048,1314,734,-92029.88956941
11,2048,1315,733,-91902.73078024
11,2048,1316,732,-91775.57505462
11,2048,1317,731,-91648.42239442
11,2048,1318,730,-91521.27280148
11,2048,1319,729,-91394.12627767
11,2048,1320,728,-91266.98282488
11,2048,1321,727,-91139.84244499
11,2048,1322,726,-91012.70513990
11,2048,1323,725,-90885.57091151
11,2048,1324,724,-90758.43976173
11,2048,1325,723,-90631.31169249
11,2048,1326,722,-90504.18670571
11,2048,1327,721,-90377.06480334
11,2048,1328,720,-90249.94598732
11,2048,1329,719,-90122.83025961
11,2048,1330,718,-89995.71762218
11,2048,1331,717,-89868.60807701
11,2048,1332,716,-89741.50162606
11,2048,1333,715,-89614.39827135
11,2048,1334,714,-89487.29801487
11,2048,1335,713,-89360.20085863
11,2048,1336,712,-89233.10680466
11,2048,1337,711,-89106.01585498
11,2048,1338,710,-88978.92801163
11,2048,1339,709,-88851.84327666
11,2048,1340,708,-88724.76165213
11,2048,1341,707,-88597.68314010
11,2048,1342,706,-88470.60774265
11,2048,1343,705,-88343.53546187
11,2048,1344,704,-88216.46629984
11,2048,1345,703,-88089.40025868
11,2048,1346,702,-87962.33734050
11,2048,1347,701,-87835.27754741
11,2048,1348,700,-87708.22088156
11,2048,1349,699,-87581.16734508
11,2048,1350,698,-87454.11694013
11,2048,1351,697,-87327.06966886
11,2048,1352,696,-87200.02553345
11,2048,1353,695,-87072.98453608
11,2048,1354,694,-86945.94667894
11,2048,1355,693,-86818.91196422
11,2048,1356,692,-86691.88039414
11,2048,1357,691,-86564.85197092
11,2048,1358,690,-86437.82669678
11,2048,1359,689,-86310.80457397
11,2048,1360,688,-86183.78560473
11,2048,1361,687,-86056.76979133
11,2048,1362,686,-85929.75713603
11,2048,1363,685,-85802.74764111
11,2048,1364,684,-85675.74130886
11,2048,1365,683,-85548.73814158
11,2048,1366,682,-85421.73814158
11,2048,1367,681,-85294.74131118
11,2048,1368,680,-85167.74765271
11,2048,1369,679,-85040.75716850
11,2048,1370,678,-84913.76986092
11,2048,1371,677,-84786.78573231
11,2048,1372,676,-84659.80478505
11,2048,1373,675,-84532.82702153
11,2048,1374,674,-84405.85244412
11,2048,1375,673,-84278.88105525
11,2048,1376,672,-84151.91285731
11,2048,1377,671,-84024.94785273
11,2048,1378,670,-83897.98604394
11,2048,1379,669,-83771.02743340
11,2048,1380,668,-83644.07202355
11,2048,1381,667,-83517.11981686
11,2048,1382,666,-83390.17081581
11,2048,1383,665,-83263.22502289
11,2048,1384,664,-83136.28244058
11,2048,1385,663,-83009.34307141
11,2048,1386,662,-82882.40691789
11,2048,1387,661,-82755.47398256
11,2048,1388,660,-82628.54426795
11,2048,1389,659,-82501.61777662
11,2048,1390,658,-82374.69451113
11,2048,1391,657,-82247.77447406
11,2048,1392,656,-82120.85766800
11,2048,1393,655,-81993.94409554
11,2048,1394,654,-81867.03375929
11,2048,1395,653,-81740.12666187
11,2048,1396,652,-81613.22280591
11,2048,1397,651,-81486.32219406
11,2048,1398,650,-81359.42482898
11,2048,1399,649,-81232.53071332
11,2048,1400,648,-81105.63984976
11,2048,1401,647,-80978.75224100
11,2048,1402,646,-80851.86788973
11,2048,1403,645,-80724.98679867
11,2048,1404,644,-80598.10897054
11,2048,1405,643,-80471.23440808
11,2048,1406,642,-80344.36311403
11,2048,1407,641,-80217.49509115
11,2048,1408,640,-80090.63034222
11,2048,1409,639,-79963.76887003
11,2048,1410,638,-79836.91067735
11,2048,1411,637,-79710.05576701
11,2048,1412,636,-79583.20414182
11,2048,1413,635,-79456.35580462
11,2048,1414,634,-79329.51075824
11,2048,1415,633,-79202.66900555
11,2048,1416,632,-79075.83054941
11,2048,1417,631,-78948.99539270
11,2048,1418,630,-78822.16353833
11,2048,1419,629,-78695.33498918
11,2048,1420,628,-78568.50974819
11,2048,1421,627,-78441.68781828
11,2048,1422,626,-78314.86920240
11,2048,1423,625,-78188.05390350
11,2048,1424,624,-78061.24192455
11,2048,1425,623,-77934.43326853
11,2048,1426,622,-77807.62793845
11,2048,1427,621,-77680.82593730
11,2048,1428,620,-77554.02726810
11,2048,1429,619,-77427.23193390
11,2048,1430,618,-77300.43993773
11,2048,1431,617,-77173.65128266
11,2048,1432,616,-77046.86597176
11,2048,1433,615,-76920.08400811
11,2048,1434,614,-76793.30539482
11,2048,1435,613,-76666.53013499
11,2048,1436,612,-76539.75823176
11,2048,1437,611,-76412.98968827
11,2048,1438,610,-76286.22450766
11,2048,1439,609,-76159.46269310
11,2048,1440,608,-76032.70424778
11,2048,1441,607,-75905.94917489
11,2048,1442,606,-75779.19747763
11,2048,1443,605,-75652.44915923
11,2048,1444,604,-75525.70422293
11,2048,1445,603,-75398.96267197
11,2048,1446,602,-75272.22450961
11,2048,1447,601,-75145.48973914
11,2048,1448,600,-75018.75836385
11,2048,1449,599,-74892.03038704
11,2048,1450,598,-74765.30581203
11,2048,1451,597,-74638.58464216
11,2048,1452,596,-74511.86688077
11,2048,1453,595,-74385.15253124
11,2048,1454,594,-74258.44159694
11,2048,1455,593,-74131.73408125
11,2048,1456,592,-74005.02998760
11,2048,1457,591,-73878.32931940
11,2048,1458,590,-73751.63208008
11,2048,1459,589,-73624.93827310
11,2048,1460,588,-73498.24790193
11,2048,1461,587,-73371.56097005
11,2048,1462,586,-73244.87748095
11,2048,1463,585,-73118.19743815
11,2048,1464,584,-72991.52084518
11,2048,1465,583,-72864.84770557
11,2048,1466,582,-72738.17802288
11,2048,1467,581,-72611.51180070
11,2048,1468,580,-72484.84904260
11,2048,1469,579,-72358.18975219
11,2048,1470,578,-72231.53393309
11,2048,1471,577,-72104.88158894
11,2048,1472,576,-71978.23272338
11,2048,1473,575,-71851.58734010
11,2048,1474,574,-71724.94544276
11,2048,1475,573,-71598.30703507
11,2048,1476,572,-71471.67212075
11,2048,1477,571,-71345.04070352
11,2048,1478,570,-71218.41278714
11,2048,1479,569,-71091.78837537
11,2048,1480,568,-70965.16747199
11,2048,1481,567,-70838.55008080
11,2048,1482,566,-70711.93620560
11,2048,1483,565,-70585.32585024
11,2048,1484,564,-70458.71901856
11,2048,1485,563,-70332.11571443
11,2048,1486,562,-70205.51594171
11,2048,1487,561,-70078.91970433
11,2048,1488,560,-69952.32700618
11,2048,1489,559,-69825.73785120
11,2048,1490,558,-69699.15224334
11,2048,1491,557,-69572.57018657
11,2048,1492,556,-69445.99168487
11,2048,1493,555,-69319.41674225
11,2048,1494,554,-69192.84536272
11,2048,1495,553,-69066.27755033
11,2048,1496,552,-68939.71330912
11,2048,1497,551,-68813.15264316
11,2048,1498,550,-68686.59555656
11,2048,1499,549,-68560.04205342
11,2048,1500,548,-68433.49213787
11,2048,1501,547,-68306.94581405
11,2048,1502,546,-68180.40308612
11,2048,1503,545,-68053.86395828
11,2048,1504,544,-67927.32843471
11,2048,1505,543,-67800.79651964
11,2048,1506,542,-67674.26821731
11,2048,1507,541,-67547.74353197
11,2048,1508,540,-67421.22246790
11,2048,1509,539,-67294.70502939
11,2048,1510,538,-67168.19122076
11,2048,1511,537,-67041.68104634
11,2048,1512,536,-66915.17451049
11,2048,1513,535,-66788.67161757
11,2048,1514,534,-66662.17237198
11,2048,1515,533,-66535.67677813
11,2048,1516,532,-66409.18484044
11,2048,1517,531,-66282.69656338
11,2048,1518,530,-66156.21195140
11,2048,1519,529,-66029.73100901
11,2048,1520,528,-65903.25374070
11,2048,1521,527,-65776.78015102
11,2048,1522,526,-65650.31024451
11,2048,1523,525,-65523.84402575
11,2048,1524,524,-65397.38149933
11,2048,1525,523,-65270.92266985
11,2048,1526,522,-65144.46754196
11,2048,1527,521,-65018.01612031
11,2048,1528,520,-64891.56840958
11,2048,1529,519,-64765.12441446
11,2048,1530,518,-64638.68413966
11,2048,1531,517,-64512.24758994
11,2048,1532,516,-64385.81477006
11,2048,1533,515,-64259.38568478
11,2048,1534,514,-64132.96033893
11,2048,1535,513,-64006.53873732
11,2048,1536,512,-63880.12088480
11,2048,1537,511,-63753.70678625
11,2048,1538,510,-63627.29644656
11,2048,1539,509,-63500.88987064
11,2048,1540,508,-63374.48706343
11,2048,1541,507,-63248.08802989
11,2048,1542,506,-63121.69277500
11,2048,1543,505,-62995.30130377
11,2048,1544,504,-62868.91362123
11,2048,1545,503,-62742.52973243
11,2048,1546,502,-62616.14964245
11,2048,1547,501,-62489.77335637
11,2048,1548,500,-62363.40087934
11,2048,1549,499,-62237.03221648
11,2048,1550,498,-62110.66737298
11,2048,1551,497,-61984.30635402
11,2048,1552,496,-61857.94916482
11,2048,1553,495,-61731.59581062
11,2048,1554,494,-61605.24629669
11,2048,1555,493,-61478.90062833
11,2048,1556,492,-61352.55881084
11,2048,1557,491,-61226.22084956
11,2048,1558,490,-61099.88674986
11,2048,1559,489,-60973.55651714
11,2048,1560,488,-60847.23015680
11,2048,1561,487,-60720.90767428
11,2048,1562,486,-60594.58907506
11,2048,1563,485,-60468.27436462
11,2048,1564,484,-60341.96354848
11,2048,1565,483,-60215.65663218
11,2048,1566,482,-60089.35362130
11,2048,1567,481,-59963.05452143
11,2048,1568,480,-59836.75933819
11,2048,1569,479,-59710.46807723
11,2048,1570,478,-59584.18074423
11,2048,1571,477,-59457.89734488
11,2048,1572,476,-59331.61788493
11,2048,1573,475,-59205.34237012
11,2048,1574,474,-59079.07080624
11,2048,1575,473,-58952.80319911
11,2048,1576,472,-58826.53955456
11,2048,1577,471,-58700.27987845
11,2048,1578,470,-58574.02417669
11,2048,1579,469,-58447.77245520
11,2048,1580,468,-58321.52471993
11,2048,1581,467,-58195.28097686
11,2048,1582,466,-58069.04123201
11,2048,1583,465,-57942.80549140
11,2048,1584,464,-57816.57376112
11,2048,1585,463,-57690.34604725
11,2048,1586,462,-57564.12235592
11,2048,1587,461,-57437.90269329
11,2048,1588,460,-57311.68706555
11,2048,1589,459,-57185.47547891
11,2048,1590,458,-57059.26793961
11,2048,1591,457,-56933.06445395
11,2048,1592,456,-56806.86502821
11,2048,1593,455,-56680.66966875
11,2048,1594,454,-56554.47838193
11,2048,1595,453,-56428.29117415
11,2048,1596,452,-56302.10805185
11,2048,1597,451,-56175.92902148
11,2048,1598,450,-56049.75408955
11,2048,1599,449,-55923.58326258
11,2048,1600,448,-55797.41654714
11,2048,1601,447,-55671.25394981
11,2048,1602,446,-55545.09547722
11,2048,1603,445,-55418.94113603
11,2048,1604,444,-55292.79093293
11,2048,1605,443,-55166.64487465
11,2048,1606,442,-55040.50296793
11,2048,1607,441,-54914.36521959
11,2048,1608,440,-54788.23163643
11,2048,1609,439,-54662.10222533
11,2048,1610,438,-54535.97699318
11,2048,1611,437,-54409.85594689
11,2048,1612,436,-54283.73909345
11,2048,1613,435,-54157.62643985
11,2048,1614,434,-54031.51799312
11,2048,1615,433,-53905.41376034
11,2048,1616,432,-53779.31374861
11,2048,1617,431,-53653.21796507
11,2048,1618,430,-53527.12641690
11,2048,1619,429,-53401.03911132
11,2048,1620,428,-53274.95605558
11,2048,1621,427,-53148.87725697
11,2048,1622,426,-53022.80272282
11,2048,1623,425,-52896.73246048
11,2048,1624,424,-52770.66647737
11,2048,1625,423,-52644.60478092
11,2048,1626,422,-52518.54737861
11,2048,1627,421,-52392.49427795
11,2048,1628,420,-52266.44548651
11,2048,1629,419,-52140.40101189
11,2048,1630,418,-52014.36086170
11,2048,1631,417,-51888.32504364
11,2048,1632,416,-51762.29356540
11,2048,1633,415,-51636.26643476
11,2048,1634,414,-51510.24365950
11,2048,1635,413,-51384.22524747
11,2048,1636,412,-51258.21120653
11,2048,1637,411,-51132.20154461
11,2048,1638,410,-51006.19626966
11,2048,1639,409,-50880.19538970
11,2048,1640,408,-50754.19891277
11,2048,1641,407,-50628.20684695
11,2048,1642,406,-50502.21920038
11,2048,1643,405,-50376.23598123
11,2048,1644,404,-50250.25719771
11,2048,1645,403,-50124.28285810
11,2048,1646,402,-49998.31297069
11,2048,1647,401,-49872.34754384
11,2048,1648,400,-49746.38658594
11,2048,1649,399,-49620.43010543
11,2048,1650,398,-49494.47811081
11,2048,1651,397,-49368.53061059
11,2048,1652,396,-49242.58761337
11,2048,1653,395,-49116.64912776
11,2048,1654,394,-48990.71516243
11,2048,1655,393,-48864.78572611
11,2048,1656,392,-48738.86082757
11,2048,1657,391,-48612.94047561
11,2048,1658,390,-48487.02467911
11,2048,1659,389,-48361.11344696
11,2048,1660,388,-48235.20678814
11,2048,1661,387,-48109.30471166
11,2048,1662,386,-47983.40722657
11,2048,1663,385,-47857.51434199
11,2048,1664,384,-47731.62606707
11,2048,1665,383,-47605.74241103
11,2048,1666,382,-47479.86338313
11,2048,1667,381,-47353.98899270
11,2048,1668,380,-47228.11924908
11,2048,1669,379,-47102.25416171
11,2048,1670,378,-46976.39374006
11,2048,1671,377,-46850.53799366
11,2048,1672,376,-46724.68693207
11,2048,1673,375,-46598.84056495
11,2048,1674,374,-46472.99890198
11,2048,1675,373,-46347.16195290
11,2048,1676,372,-46221.32972751
11,2048,1677,371,-46095.50223568
11,2048,1678,370,-45969.67948730
11,2048,1679,369,-45843.86149235
11,2048,1680,368,-45718.04826087
11,2048,1681,367,-45592.23980292
11,2048,1682,366,-45466.43612866
11,2048,1683,365,-45340.63724828
11,2048,1684,364,-45214.84317205
11,2048,1685,363,-45089.05391028
11,2048,1686,362,-44963.26947337
11,2048,1687,361,-44837.48987174
11,2048,1688,360,-44711.71511590
11,2048,1689,359,-44585.94521642
11,2048,1690,358,-44460.18018391
11,2048,1691,357,-44334.42002908
11,2048,1692,356,-44208.66476267
11,2048,1693,355,-44082.91439550
11,2048,1694,354,-43957.16893844
11,2048,1695,353,-43831.42840245
11,2048,1696,352,-43705.69279853
11,2048,1697,351,-43579.96213776
11,2048,1698,350,-43454.23643129
11,2048,1699,349,-43328.51569031
11,2048,1700,348,-43202.79992612
11,2048,1701,347,-43077.08915005
11,2048,1702,346,-42951.38337351
11,2048,1703,345,-42825.68260801
11,2048,1704,344,-42699.98686508
11,2048,1705,343,-42574.29615634
11,2048,1706,342,-42448.61049351
11,2048,1707,341,-42322.92988834
11,2048,1708,340,-42197.25435267
11,2048,1709,339,-42071.58389841
11,2048,1710,338,-41945.91853756
11,2048,1711,337,-41820.25828217
11,2048,1712,336,-41694.60314437
11,2048,1713,335,-41568.95313639
11,2048,1714,334,-41443.30827050
11,2048,1715,333,-41317.66855906
11,2048,1716,332,-41192.03401454
11,2048,1717,331,-41066.40464943
11,2048,1718,330,-40940.78047634
11,2048,1719,329,-40815.16150796
11,2048,1720,328,-40689.54775703
11,2048,1721,327,-40563.93923641
11,2048,1722,326,-40438.33595901
11,2048,1723,325,-40312.73793784
11,2048,1724,324,-40187.14518600
11,2048,1725,323,-40061.55771664
11,2048,1726,322,-39935.97554303
11,2048,1727,321,-39810.39867852
11,2048,1728,320,-39684.82713654
11,2048,1729,319,-39559.26093060
11,2048,1730,318,-39433.70007431
11,2048,1731,317,-39308.14458136
11,2048,1732,316,-39182.59446554
11,2048,1733,315,-39057.04974074
11,2048,1734,314,-38931.51042090
11,2048,1735,313,-38805.97652010
11,2048,1736,312,-38680.44805248
11,2048,1737,311,-38554.92503230
11,2048,1738,310,-38429.40747390
11,2048,1739,309,-38303.89539171
11,2048,1740,308,-38178.38880028
11,2048,1741,307,-38052.88771422
11,2048,1742,306,-37927.39214829
11,2048,1743,305,-37801.90211730
11,2048,1744,304,-37676.41763619
11,2048,1745,303,-37550.93872000
11,2048,1746,302,-37425.46538386
11,2048,1747,301,-37299.99764301
11,2048,1748,300,-37174.53551280
11,2048,1749,299,-37049.07900869
11,2048,1750,298,-36923.62814622
11,2048,1751,297,-36798.18294107
11,2048,1752,296,-36672.74340901
11,2048,1753,295,-36547.30956592
11,2048,1754,294,-36421.88142781
11,2048,1755,293,-36296.45901078
11,2048,1756,292,-36171.04233106
11,2048,1757,291,-36045.63140497
11,2048,1758,290,-35920.22624898
11,2048,1759,289,-35794.82687966
11,2048,1760,288,-35669.43331369
11,2048,1761,287,-35544.04556789
11,2048,1762,286,-35418.66365917
11,2048,1763,285,-35293.28760459
11,2048,1764,284,-35167.91742133
11,2048,1765,283,-35042.55312668
11,2048,1766,282,-34917.19473806
11,2048,1767,281,-34791.84227303
11,2048,1768,280,-34666.49574927
11,2048,1769,279,-34541.15518459
11,2048,1770,278,-34415.82059692
11,2048,1771,277,-34290.49200434
11,2048,1772,276,-34165.16942507
11,2048,1773,275,-34039.85287743
11,2048,1774,274,-33914.54237992
11,2048,1775,273,-33789.23795114
11,2048,1776,272,-33663.93960987
11,2048,1777,271,-33538.64737499
11,2048,1778,270,-33413.36126556
11,2048,1779,269,-33288.08130076
11,2048,1780,268,-33162.80749992
11,2048,1781,267,-33037.53988253
11,2048,1782,266,-32912.27846822
11,2048,1783,265,-32787.02327678
11,2048,1784,264,-32661.77432813
11,2048,1785,263,-32536.53164237
11,2048,1786,262,-32411.29523974
11,2048,1787,261,-32286.06514066
11,2048,1788,260,-32160.84136568
11,2048,1789,259,-32035.62393554
11,2048,1790,258,-31910.41287113
11,2048,1791,257,-31785.20819349
11,2048,1792,256,-31660.00992387
11,2048,1793,255,-31534.81808364
11,2048,1794,254,-31409.63269438
11,2048,1795,253,-31284.45377782
11,2048,1796,252,-31159.28135588
11,2048,1797,251,-31034.11545065
11,2048,1798,250,-30908.95608440
11,2048,1799,249,-30783.80327959
11,2048,1800,248,-30658.65705885
11,2048,1801,247,-30533.51744500
11,2048,1802,246,-30408.38446107
11,2048,1803,245,-30283.25813024
11,2048,1804,244,-30158.13847593
11,2048,1805,243,-30033.02552171
11,2048,1806,242,-29907.91929138
11,2048,1807,241,-29782.81980894
11,2048,1808,240,-29657.72709856
11,2048,1809,239,-29532.64118466
11,2048,1810,238,-29407.56209184
11,2048,1811,237,-29282.48984490
11,2048,1812,236,-29157.42446889
11,2048,1813,235,-29032.36598905
11,2048,1814,234,-28907.31443085
11,2048,1815,233,-28782.26981996
11,2048,1816,232,-28657.23218230
11,2048,1817,231,-28532.20154401
11,2048,1818,230,-28407.17793146
11,2048,1819,229,-28282.16137123
11,2048,1820,228,-28157.15189018
11,2048,1821,227,-28032.14951537
11,2048,1822,226,-27907.15427413
11,2048,1823,225,-27782.16619401
11,2048,1824,224,-27657.18530284
11,2048,1825,223,-27532.21162866
11,2048,1826,222,-27407.24519981
11,2048,1827,221,-27282.28604486
11,2048,1828,220,-27157.33419266
11,2048,1829,219,-27032.38967231
11,2048,1830,218,-26907.45251318
11,2048,1831,217,-26782.52274493
11,2048,1832,216,-26657.60039749
11,2048,1833,215,-26532.68550106
11,2048,1834,214,-26407.77808613
11,2048,1835,213,-26282.87818349
11,2048,1836,212,-26157.98582421
11,2048,1837,211,-26033.10103967
11,2048,1838,210,-25908.22386153
11,2048,1839,209,-25783.35432178
11,2048,1840,208,-25658.49245270
11,2048,1841,207,-25533.63828689
11,2048,1842,206,-25408.79185728
11,2048,1843,205,-25283.95319711
11,2048,1844,204,-25159.12233995
11,2048,1845,203,-25034.29931971
11,2048,1846,202,-24909.48417063
11,2048,1847,201,-24784.67692730
11,2048,1848,200,-24659.87762465
11,2048,1849,199,-24535.08629797
11,2048,1850,198,-24410.30298290
11,2048,1851,197,-24285.52771546
11,2048,1852,196,-24160.76053203
11,2048,1853,195,-24036.00146935
11,2048,1854,194,-23911.25056456
11,2048,1855,193,-23786.50785519
11,2048,1856,192,-23661.77337915
11,2048,1857,191,-23537.04717475
11,2048,1858,190,-23412.32928071
11,2048,1859,189,-23287.61973615
11,2048,1860,188,-23162.91858064
11,2048,1861,187,-23038.22585412
11,2048,1862,186,-22913.54159702
11,2048,1863,185,-22788.86585017
11,2048,1864,184,-22664.19865485
11,2048,1865,183,-22539.54005281
11,2048,1866,182,-22414.89008625
11,2048,1867,181,-22290.24879782
11,2048,1868,180,-22165.61623067
11,2048,1869,179,-22040.99242843
11,2048,1870,178,-21916.37743521
11,2048,1871,177,-21791.77129562
11,2048,1872,176,-21667.17405479
11,2048,1873,175,-21542.58575835
11,2048,1874,174,-21418.00645248
11,2048,1875,173,-21293.43618386
11,2048,1876,172,-21168.87499975
11,2048,1877,171,-21044.32294793
11,2048,1878,170,-20919.78007676
11,2048,1879,169,-20795.24643518
11,2048,1880,168,-20670.72207269
11,2048,1881,167,-20546.20703940
11,2048,1882,166,-20421.70138602
11,2048,1883,165,-20297.20516387
11,2048,1884,164,-20172.71842491
11,2048,1885,163,-20048.24122171
11,2048,1886,162,-19923.77360752
11,2048,1887,161,-19799.31563622
11,2048,1888,160,-19674.86736239
11,2048,1889,159,-19550.42884128
11,2048,1890,158,-19426.00012885
11,2048,1891,157,-19301.58128175
11,2048,1892,156,-19177.17235737
11,2048,1893,155,-19052.77341385
11,2048,1894,154,-18928.38451006
11,2048,1895,153,-18804.00570565
11,2048,1896,152,-18679.63706106
11,2048,1897,151,-18555.27863751
11,2048,1898,150,-18430.93049704
11,2048,1899,149,-18306.59270254
11,2048,1900,148,-18182.26531773
11,2048,1901,147,-18057.94840718
11,2048,1902,146,-17933.64203636
11,2048,1903,145,-17809.34627165
11,2048,1904,144,-17685.06118032
11,2048,1905,143,-17560.78683061
11,2048,1906,142,-17436.52329167
11,2048,1907,141,-17312.27063368
11,2048,1908,140,-17188.02892778
11,2048,1909,139,-17063.79824616
11,2048,1910,138,-16939.57866201
11,2048,1911,137,-16815.37024961
11,2048,1912,136,-16691.17308434
11,2048,1913,135,-16566.98724265
11,2048,1914,134,-16442.81280217
11,2048,1915,133,-16318.64984166
11,2048,1916,132,-16194.49844107
11,2048,1917,131,-16070.35868157
11,2048,1918,130,-15946.23064557
11,2048,1919,129,-15822.11441676
11,2048,1920,128,-15698.01008010
11,2048,1921,127,-15573.91772190
11,2048,1922,126,-15449.83742983
11,2048,1923,125,-15325.76929296
11,2048,1924,124,-15201.71340176
11,2048,1925,123,-15077.66984818
11,2048,1926,122,-14953.63872566
11,2048,1927,121,-14829.62012918
11,2048,1928,120,-14705.61415528
11,2048,1929,119,-14581.62090211
11,2048,1930,118,-14457.64046948
11,2048,1931,117,-14333.67295888
11,2048,1932,116,-14209.71847354
11,2048,1933,115,-14085.77711847
11,2048,1934,114,-13961.84900049
11,2048,1935,113,-13837.93422833
11,2048,1936,112,-13714.03291261
11,2048,1937,111,-13590.14516592
11,2048,1938,110,-13466.27110291
11,2048,1939,109,-13342.41084029
11,2048,1940,108,-13218.56449690
11,2048,1941,107,-13094.73219380
11,2048,1942,106,-12970.91405430
11,2048,1943,105,-12847.11020403
11,2048,1944,104,-12723.32077101
11,2048,1945,103,-12599.54588574
11,2048,1946,102,-12475.78568120
11,2048,1947,101,-12352.04029303
11,2048,1948,100,-12228.30985951
11,2048,1949,99,-12104.59452170
11,2048,1950,98,-11980.89442348
11,2048,1951,97,-11857.20971170
11,2048,1952,96,-11733.54053620
11,2048,1953,95,-11609.88704993
11,2048,1954,94,-11486.24940907
11,2048,1955,93,-11362.62777312
11,2048,1956,92,-11239.02230496
11,2048,1957,91,-11115.43317104
11,2048,1958,90,-10991.86054145
11,2048,1959,89,-10868.30459004
11,2048,1960,88,-10744.76549455
11,2048,1961,87,-10621.24343675
11,2048,1962,86,-10497.73860258
11,2048,1963,85,-10374.25118228
11,2048,1964,84,-10250.78137056
11,2048,1965,83,-10127.32936673
11,2048,1966,82,-10003.89537491
11,2048,1967,81,-9880.47960415
11,2048,1968,80,-9757.08226865
11,2048,1969,79,-9633.70358795
11,2048,1970,78,-9510.34378712
11,2048,1971,77,-9387.00309696
11,2048,1972,76,-9263.68175425
11,2048,1973,75,-9140.38000198
11,2048,1974,74,-9017.09808957
11,2048,1975,73,-8893.83627314
11,2048,1976,72,-8770.59481581
11,2048,1977,71,-8647.37398796
11,2048,1978,70,-8524.17406756
11,2048,1979,69,-8400.99534044
11,2048,1980,68,-8277.83810069
11,2048,1981,67,-8154.70265102
11,2048,1982,66,-8031.58930307
11,2048,1983,65,-7908.49837792
11,2048,1984,64,-7785.43020642
11,2048,1985,63,-7662.38512971
11,2048,1986,62,-7539.36349969
11,2048,1987,61,-7416.36567954
11,2048,1988,60,-7293.39204424
11,2048,1989,59,-7170.44298121
11,2048,1990,58,-7047.51889087
11,2048,1991,57,-6924.62018738
11,2048,1992,56,-6801.74729930
11,2048,1993,55,-6678.90067037
11,2048,1994,54,-6556.08076036
11,2048,1995,53,-6433.28804588
11,2048,1996,52,-6310.52302144
11,2048,1997,51,-6187.78620033
11,2048,1998,50,-6065.07811586
11,2048,1999,49,-5942.39932243
11,2048,2000,48,-5819.75039687
11,2048,2001,47,-5697.13193982
11,2048,2002,46,-5574.54457723
11,2048,2003,45,-5451.98896198
11,2048,2004,44,-5329.46577567
11,2048,2005,43,-5206.97573058
11,2048,2006,42,-5084.51957171
11,2048,2007,41,-4962.09807919
11,2048,2008,40,-4839.71207074
11,2048,2009,39,-4717.36240449
11,2048,2010,38,-4595.04998206
11,2048,2011,37,-4472.77575191
11,2048,2012,36,-4350.54071314
11,2048,2013,35,-4228.34591959
11,2048,2014,34,-4106.19248454
11,2048,2015,33,-3984.08158583
11,2048,2016,32,-3862.01447163
11,2048,2017,31,-3739.99246700
11,2048,2018,30,-3618.01698115
11,2048,2019,29,-3496.08951575
11,2048,2020,28,-3374.21167433
11,2048,2021,27,-3252.38517301
11,2048,2022,26,-3130.61185279
11,2048,2023,25,-3008.89369368
11,2048,2024,24,-2887.23283107
11,2048,2025,23,-2765.63157476
11,2048,2026,22,-2644.09243126
11,2048,2027,21,-2522.61813001
11,2048,2028,20,-2401.21165453
11,2048,2029,19,-2279.87627958
11,2048,2030,18,-2158.61561608
11,2048,2031,17,-2037.43366561
11,2048,2032,16,-1916.33488745
11,2048,2033,15,-1795.32428195
11,2048,2034,14,-1674.40749532
11,2048,2035,13,-1553.59095348
11,2048,2036,12,-1432.88203560
11,2048,2037,11,-1312.28930337
11,2048,2038,10,-1191.82281009
11,2048,2039,9,-1071.49452805
11,2048,2040,8,-951.31895649
11,2048,2041,7,-831.31401695
11,2048,2042,6,-711.50242918
11,2048,2043,5,-591.91394017
11,2048,2044,4,-472.58919156
11,2048,2045,3,-353.58707668
11,2048,2046,2,-235.00070461
11,2048,2047,1,-117.00000000
11,2048,2048,0,0.00000000
