depth,k,live_bits,m,block_start,residue,holes,extra_defect,hole_positions,extra_positions,dim_final,dim_relaxed,raw_tree_cancellation_zeros,active_tree_cancellation_zeros,active_cancelled_positions,imposed_rank,projective_excess,required_rank,gap
5,32,3,8,0,0,0,0,,,1,1,0,0,,0,0,0,0
5,32,3,8,0,0,0,1,,1,1,1,2,0,,0,0,0,0
5,32,3,8,0,0,0,1,,2,1,1,2,0,,0,0,0,0
5,32,3,8,0,0,0,1,,3,1,1,3,0,,0,0,0,0
5,32,3,8,0,0,0,1,,4,1,1,2,0,,0,0,0,0
5,32,3,8,0,0,0,1,,5,1,1,3,0,,0,0,0,0
5,32,3,8,0,0,0,1,,6,1,1,3,0,,0,0,0,0
5,32,3,8,0,0,0,1,,7,1,1,5,0,,0,0,0,0
5,32,3,8,0,0,0,1,,9,1,1,2,0,,0,0,0,0
5,32,3,8,0,0,0,1,,10,1,1,2,0,,0,0,0,0
5,32,3,8,0,0,0,1,,11,1,1,3,0,,0,0,0,0
5,32,3,8,0,0,0,1,,12,1,1,2,0,,0,0,0,0
5,32,3,8,0,0,0,1,,13,1,1,3,0,,0,0,0,0
5,32,3,8,0,0,0,1,,14,1,1,3,0,,0,0,0,0
5,32,3,8,0,0,0,1,,15,1,1,5,0,,0,0,0,0
5,32,3,8,0,0,0,1,,17,1,1,2,0,,0,0,0,0
5,32,3,8,0,0,0,1,,18,1,1,2,0,,0,0,0,0
5,32,3,8,0,0,0,1,,19,1,1,3,0,,0,0,0,0
5,32,3,8,0,0,0,1,,20,1,1,2,0,,0,0,0,0
5,32,3,8,0,0,0,1,,21,1,1,3,0,,0,0,0,0
5,32,3,8,0,0,0,1,,22,1,1,3,0,,0,0,0,0
5,32,3,8,0,0,0,1,,23,1,1,5,0,,0,0,0,0
5,32,3,8,0,0,0,1,,25,1,1,2,0,,0,0,0,0
5,32,3,8,0,0,0,1,,26,1,1,2,0,,0,0,0,0
5,32,3,8,0,0,0,1,,27,1,1,3,0,,0,0,0,0
5,32,3,8,0,0,0,1,,28,1,1,2,0,,0,0,0,0
5,32,3,8,0,0,0,1,,29,1,1,3,0,,0,0,0,0
5,32,3,8,0,0,0,1,,30,1,1,3,0,,0,0,0,0
5,32,3,8,0,0,0,1,,31,1,1,5,0,,0,0,0,0
5,32,3,8,0,0,0,2,,1:2,1,1,3,0,,0,0,0,0
5,32,3,8,0,0,0,2,,1:3,1,1,4,0,,0,0,0,0
5,32,3,8,0,0,0,2,,1:10,1,1,4,0,,0,0,0,0
5,32,3,8,0,0,0,2,,1:27,1,1,5,0,,0,0,0,0
5,32,3,8,0,0,0,2,,2:6,1,1,4,0,,0,0,0,0
5,32,3,8,0,0,0,2,,2:13,1,1,5,0,,0,0,0,0
5,32,3,8,0,0,0,2,,3:25,1,1,5,0,,0,0,0,0
5,32,3,8,0,0,0,2,,4:17,1,1,4,0,,0,0,0,0
5,32,3,8,0,0,0,2,,5:14,1,1,6,0,,0,0,0,0
5,32,3,8,0,0,0,2,,5:30,1,1,6,0,,0,0,0,0
5,32,3,8,0,0,0,2,,6:10,1,1,4,0,,0,0,0,0
5,32,3,8,0,0,0,2,,7:9,1,1,7,0,,0,0,0,0
5,32,3,8,0,0,0,2,,7:12,1,1,7,0,,0,0,0,0
5,32,3,8,0,0,0,2,,7:19,1,1,6,0,,0,0,0,0
5,32,3,8,0,0,0,2,,9:18,1,1,4,0,,0,0,0,0
5,32,3,8,0,0,0,2,,9:22,1,1,5,0,,0,0,0,0
5,32,3,8,0,0,0,2,,10:15,1,1,5,0,,0,0,0,0
5,32,3,8,0,0,0,2,,11:25,1,1,4,0,,0,0,0,0
5,32,3,8,0,0,0,2,,11:26,1,1,4,0,,0,0,0,0
5,32,3,8,0,0,0,2,,13:29,1,1,4,0,,0,0,0,0
5,32,3,8,0,0,0,2,,14:19,1,1,6,0,,0,0,0,0
5,32,3,8,0,0,0,2,,14:30,1,1,4,0,,0,0,0,0
5,32,3,8,0,0,0,2,,15:23,1,1,8,0,,0,0,0,0
5,32,3,8,0,0,0,2,,18:25,1,1,4,0,,0,0,0,0
5,32,3,8,0,0,0,2,,19:20,1,1,5,0,,0,0,0,0
5,32,3,8,0,0,0,2,,19:31,1,1,6,0,,0,0,0,0
5,32,3,8,0,0,0,2,,20:30,1,1,4,0,,0,0,0,0
5,32,3,8,0,0,0,2,,23:27,1,1,6,0,,0,0,0,0
5,32,3,8,0,0,0,2,,25:30,1,1,5,0,,0,0,0,0
5,32,3,8,0,0,0,2,,26:30,1,1,4,0,,0,0,0,0
5,32,3,8,0,1,0,0,,,1,1,0,0,,0,0,0,0
5,32,3,8,0,1,0,1,,0,1,1,2,0,,0,0,0,0
5,32,3,8,0,1,0,1,,2,1,1,3,0,,0,0,0,0
5,32,3,8,0,1,0,1,,3,1,1,2,0,,0,0,0,0
5,32,3,8,0,1,0,1,,4,1,1,3,0,,0,0,0,0
5,32,3,8,0,1,0,1,,5,1,1,2,0,,0,0,0,0
5,32,3,8,0,1,0,1,,6,1,1,5,0,,0,0,0,0
5,32,3,8,0,1,0,1,,7,1,1,3,0,,0,0,0,0
5,32,3,8,0,1,0,1,,8,1,1,2,0,,0,0,0,0
5,32,3,8,0,1,0,1,,10,1,1,3,0,,0,0,0,0
5,32,3,8,0,1,0,1,,11,1,1,2,0,,0,0,0,0
5,32,3,8,0,1,0,1,,12,1,1,3,0,,0,0,0,0
5,32,3,8,0,1,0,1,,13,1,1,2,0,,0,0,0,0
5,32,3,8,0,1,0,1,,14,1,1,5,0,,0,0,0,0
5,32,3,8,0,1,0,1,,15,1,1,3,0,,0,0,0,0
5,32,3,8,0,1,0,1,,16,1,1,2,0,,0,0,0,0
5,32,3,8,0,1,0,1,,18,1,1,3,0,,0,0,0,0
5,32,3,8,0,1,0,1,,19,1,1,2,0,,0,0,0,0
5,32,3,8,0,1,0,1,,20,1,1,3,0,,0,0,0,0
5,32,3,8,0,1,0,1,,21,1,1,2,0,,0,0,0,0
5,32,3,8,0,1,0,1,,22,1,1,5,0,,0,0,0,0
5,32,3,8,0,1,0,1,,23,1,1,3,0,,0,0,0,0
5,32,3,8,0,1,0,1,,24,1,1,2,0,,0,0,0,0
5,32,3,8,0,1,0,1,,26,1,1,3,0,,0,0,0,0
5,32,3,8,0,1,0,1,,27,1,1,2,0,,0,0,0,0
5,32,3,8,0,1,0,1,,28,1,1,3,0,,0,0,0,0
5,32,3,8,0,1,0,1,,29,1,1,2,0,,0,0,0,0
5,32,3,8,0,1,0,1,,30,1,1,5,0,,0,0,0,0
5,32,3,8,0,1,0,1,,31,1,1,3,0,,0,0,0,0
5,32,3,8,0,1,0,2,,2:12,1,1,6,0,,0,0,0,0
5,32,3,8,0,1,0,2,,3:5,1,1,3,0,,0,0,0,0
5,32,3,8,0,1,0,2,,3:10,1,1,4,0,,0,0,0,0
5,32,3,8,0,1,0,2,,4:13,1,1,4,0,,0,0,0,0
5,32,3,8,0,1,0,2,,4:15,1,1,6,0,,0,0,0,0
5,32,3,8,0,1,0,2,,4:16,1,1,4,0,,0,0,0,0
5,32,3,8,0,1,0,2,,5:26,1,1,5,0,,0,0,0,0
5,32,3,8,0,1,0,2,,5:30,1,1,7,0,,0,0,0,0
5,32,3,8,0,1,0,2,,6:23,1,1,6,0,,0,0,0,0
5,32,3,8,0,1,0,2,,6:24,1,1,7,0,,0,0,0,0
5,32,3,8,0,1,0,2,,6:30,1,1,8,0,,0,0,0,0
5,32,3,8,0,1,0,2,,7:19,1,1,4,0,,0,0,0,0
5,32,3,8,0,1,0,2,,8:13,1,1,3,0,,0,0,0,0
5,32,3,8,0,1,0,2,,8:21,1,1,4,0,,0,0,0,0
5,32,3,8,0,1,0,2,,10:14,1,1,6,0,,0,0,0,0
5,32,3,8,0,1,0,2,,11:14,1,1,5,0,,0,0,0,0
5,32,3,8,0,1,0,2,,11:19,1,1,4,0,,0,0,0,0
5,32,3,8,0,1,0,2,,13:14,1,1,5,0,,0,0,0,0
5,32,3,8,0,1,0,2,,13:19,1,1,4,0,,0,0,0,0
5,32,3,8,0,1,0,2,,13:24,1,1,4,0,,0,0,0,0
5,32,3,8,0,1,0,2,,15:30,1,1,6,0,,0,0,0,0
5,32,3,8,0,1,0,2,,16:24,1,1,4,0,,0,0,0,0
5,32,3,8,0,1,0,2,,16:26,1,1,4,0,,0,0,0,0
5,32,3,8,0,1,0,2,,18:21,1,1,5,0,,0,0,0,0
5,32,3,8,0,1,0,2,,18:30,1,1,6,0,,0,0,0,0
5,32,3,8,0,1,0,2,,19:28,1,1,5,0,,0,0,0,0
5,32,3,8,0,1,0,2,,19:29,1,1,4,0,,0,0,0,0
5,32,3,8,0,1,0,2,,23:31,1,1,4,0,,0,0,0,0
5,32,3,8,0,1,0,2,,27:31,1,1,4,0,,0,0,0,0
5,32,3,8,0,1,0,2,,30:31,1,1,6,0,,0,0,0,0
5,32,3,8,0,2,0,0,,,1,1,0,0,,0,0,0,0
5,32,3,8,0,2,0,1,,0,1,1,2,0,,0,0,0,0
5,32,3,8,0,2,0,1,,1,1,1,3,0,,0,0,0,0
5,32,3,8,0,2,0,1,,3,1,1,2,0,,0,0,0,0
5,32,3,8,0,2,0,1,,4,1,1,3,0,,0,0,0,0
5,32,3,8,0,2,0,1,,5,1,1,5,0,,0,0,0,0
5,32,3,8,0,2,0,1,,6,1,1,2,0,,0,0,0,0
5,32,3,8,0,2,0,1,,7,1,1,3,0,,0,0,0,0
5,32,3,8,0,2,0,1,,8,1,1,2,0,,0,0,0,0
5,32,3,8,0,2,0,1,,9,1,1,3,0,,0,0,0,0
5,32,3,8,0,2,0,1,,11,1,1,2,0,,0,0,0,0
5,32,3,8,0,2,0,1,,12,1,1,3,0,,0,0,0,0
5,32,3,8,0,2,0,1,,13,1,1,5,0,,0,0,0,0
5,32,3,8,0,2,0,1,,14,1,1,2,0,,0,0,0,0
5,32,3,8,0,2,0,1,,15,1,1,3,0,,0,0,0,0
5,32,3,8,0,2,0,1,,16,1,1,2,0,,0,0,0,0
5,32,3,8,0,2,0,1,,17,1,1,3,0,,0,0,0,0
5,32,3,8,0,2,0,1,,19,1,1,2,0,,0,0,0,0
5,32,3,8,0,2,0,1,,20,1,1,3,0,,0,0,0,0
5,32,3,8,0,2,0,1,,21,1,1,5,0,,0,0,0,0
5,32,3,8,0,2,0,1,,22,1,1,2,0,,0,0,0,0
5,32,3,8,0,2,0,1,,23,1,1,3,0,,0,0,0,0
5,32,3,8,0,2,0,1,,24,1,1,2,0,,0,0,0,0
5,32,3,8,0,2,0,1,,25,1,1,3,0,,0,0,0,0
5,32,3,8,0,2,0,1,,27,1,1,2,0,,0,0,0,0
5,32,3,8,0,2,0,1,,28,1,1,3,0,,0,0,0,0
5,32,3,8,0,2,0,1,,29,1,1,5,0,,0,0,0,0
5,32,3,8,0,2,0,1,,30,1,1,2,0,,0,0,0,0
5,32,3,8,0,2,0,1,,31,1,1,3,0,,0,0,0,0
5,32,3,8,0,2,0,2,,0:15,1,1,5,0,,0,0,0,0
5,32,3,8,0,2,0,2,,1:30,1,1,5,0,,0,0,0,0
5,32,3,8,0,2,0,2,,1:31,1,1,6,0,,0,0,0,0
5,32,3,8,0,2,0,2,,3:5,1,1,5,0,,0,0,0,0
5,32,3,8,0,2,0,2,,3:21,1,1,7,0,,0,0,0,0
5,32,3,8,0,2,0,2,,3:23,1,1,4,0,,0,0,0,0
5,32,3,8,0,2,0,2,,3:30,1,1,4,0,,0,0,0,0
5,32,3,8,0,2,0,2,,4:15,1,1,6,0,,0,0,0,0
5,32,3,8,0,2,0,2,,4:20,1,1,4,0,,0,0,0,0
5,32,3,8,0,2,0,2,,6:21,1,1,7,0,,0,0,0,0
5,32,3,8,0,2,0,2,,7:20,1,1,6,0,,0,0,0,0
5,32,3,8,0,2,0,2,,7:25,1,1,6,0,,0,0,0,0
5,32,3,8,0,2,0,2,,8:12,1,1,4,0,,0,0,0,0
5,32,3,8,0,2,0,2,,8:19,1,1,4,0,,0,0,0,0
5,32,3,8,0,2,0,2,,9:21,1,1,8,0,,0,0,0,0
5,32,3,8,0,2,0,2,,9:23,1,1,6,0,,0,0,0,0
5,32,3,8,0,2,0,2,,9:24,1,1,4,0,,0,0,0,0
5,32,3,8,0,2,0,2,,11:16,1,1,4,0,,0,0,0,0
5,32,3,8,0,2,0,2,,11:17,1,1,5,0,,0,0,0,0
5,32,3,8,0,2,0,2,,11:20,1,1,5,0,,0,0,0,0
5,32,3,8,0,2,0,2,,11:22,1,1,4,0,,0,0,0,0
5,32,3,8,0,2,0,2,,11:30,1,1,4,0,,0,0,0,0
5,32,3,8,0,2,0,2,,12:21,1,1,8,0,,0,0,0,0
5,32,3,8,0,2,0,2,,15:16,1,1,5,0,,0,0,0,0
5,32,3,8,0,2,0,2,,15:24,1,1,5,0,,0,0,0,0
5,32,3,8,0,2,0,2,,19:22,1,1,3,0,,0,0,0,0
5,32,3,8,0,2,0,2,,19:23,1,1,4,0,,0,0,0,0
5,32,3,8,0,2,0,2,,21:27,1,1,7,0,,0,0,0,0
5,32,3,8,0,2,0,2,,21:30,1,1,7,0,,0,0,0,0
5,32,3,8,0,2,0,2,,27:31,1,1,4,0,,0,0,0,0
5,32,3,8,0,3,0,0,,,1,1,0,0,,0,0,0,0
5,32,3,8,0,3,0,1,,0,1,1,3,0,,0,0,0,0
5,32,3,8,0,3,0,1,,1,1,1,2,0,,0,0,0,0
5,32,3,8,0,3,0,1,,2,1,1,2,0,,0,0,0,0
5,32,3,8,0,3,0,1,,4,1,1,5,0,,0,0,0,0
5,32,3,8,0,3,0,1,,5,1,1,3,0,,0,0,0,0
5,32,3,8,0,3,0,1,,6,1,1,3,0,,0,0,0,0
5,32,3,8,0,3,0,1,,7,1,1,2,0,,0,0,0,0
5,32,3,8,0,3,0,1,,8,1,1,3,0,,0,0,0,0
5,32,3,8,0,3,0,1,,9,1,1,2,0,,0,0,0,0
5,32,3,8,0,3,0,1,,10,1,1,2,0,,0,0,0,0
5,32,3,8,0,3,0,1,,12,1,1,5,0,,0,0,0,0
5,32,3,8,0,3,0,1,,13,1,1,3,0,,0,0,0,0
5,32,3,8,0,3,0,1,,14,1,1,3,0,,0,0,0,0
5,32,3,8,0,3,0,1,,15,1,1,2,0,,0,0,0,0
5,32,3,8,0,3,0,1,,16,1,1,3,0,,0,0,0,0
5,32,3,8,0,3,0,1,,17,1,1,2,0,,0,0,0,0
5,32,3,8,0,3,0,1,,18,1,1,2,0,,0,0,0,0
5,32,3,8,0,3,0,1,,20,1,1,5,0,,0,0,0,0
5,32,3,8,0,3,0,1,,21,1,1,3,0,,0,0,0,0
5,32,3,8,0,3,0,1,,22,1,1,3,0,,0,0,0,0
5,32,3,8,0,3,0,1,,23,1,1,2,0,,0,0,0,0
5,32,3,8,0,3,0,1,,24,1,1,3,0,,0,0,0,0
5,32,3,8,0,3,0,1,,25,1,1,2,0,,0,0,0,0
5,32,3,8,0,3,0,1,,26,1,1,2,0,,0,0,0,0
5,32,3,8,0,3,0,1,,28,1,1,5,0,,0,0,0,0
5,32,3,8,0,3,0,1,,29,1,1,3,0,,0,0,0,0
5,32,3,8,0,3,0,1,,30,1,1,3,0,,0,0,0,0
5,32,3,8,0,3,0,1,,31,1,1,2,0,,0,0,0,0
5,32,3,8,0,3,0,2,,0:20,1,1,6,0,,0,0,0,0
5,32,3,8,0,3,0,2,,1:4,1,1,5,0,,0,0,0,0
5,32,3,8,0,3,0,2,,1:6,1,1,5,0,,0,0,0,0
5,32,3,8,0,3,0,2,,1:8,1,1,4,0,,0,0,0,0
5,32,3,8,0,3,0,2,,1:31,1,1,4,0,,0,0,0,0
5,32,3,8,0,3,0,2,,2:6,1,1,4,0,,0,0,0,0
5,32,3,8,0,3,0,2,,2:7,1,1,3,0,,0,0,0,0
5,32,3,8,0,3,0,2,,2:8,1,1,4,0,,0,0,0,0
5,32,3,8,0,3,0,2,,2:10,1,1,4,0,,0,0,0,0
5,32,3,8,0,3,0,2,,2:14,1,1,4,0,,0,0,0,0
5,32,3,8,0,3,0,2,,2:28,1,1,7,0,,0,0,0,0
5,32,3,8,0,3,0,2,,2:29,1,1,5,0,,0,0,0,0
5,32,3,8,0,3,0,2,,4:10,1,1,7,0,,0,0,0,0
5,32,3,8,0,3,0,2,,5:10,1,1,5,0,,0,0,0,0
5,32,3,8,0,3,0,2,,5:18,1,1,5,0,,0,0,0,0
5,32,3,8,0,3,0,2,,5:22,1,1,6,0,,0,0,0,0
5,32,3,8,0,3,0,2,,5:24,1,1,6,0,,0,0,0,0
5,32,3,8,0,3,0,2,,6:8,1,1,6,0,,0,0,0,0
5,32,3,8,0,3,0,2,,7:31,1,1,4,0,,0,0,0,0
5,32,3,8,0,3,0,2,,8:26,1,1,4,0,,0,0,0,0
5,32,3,8,0,3,0,2,,10:29,1,1,5,0,,0,0,0,0
5,32,3,8,0,3,0,2,,12:26,1,1,7,0,,0,0,0,0
5,32,3,8,0,3,0,2,,15:31,1,1,4,0,,0,0,0,0
5,32,3,8,0,3,0,2,,20:26,1,1,7,0,,0,0,0,0
5,32,3,8,0,3,0,2,,21:23,1,1,4,0,,0,0,0,0
5,32,3,8,0,3,0,2,,22:29,1,1,6,0,,0,0,0,0
5,32,3,8,0,3,0,2,,23:26,1,1,4,0,,0,0,0,0
5,32,3,8,0,3,0,2,,26:28,1,1,5,0,,0,0,0,0
5,32,3,8,0,3,0,2,,26:29,1,1,5,0,,0,0,0,0
5,32,3,8,0,3,0,2,,29:31,1,1,4,0,,0,0,0,0
5,32,3,8,0,4,0,0,,,1,1,0,0,,0,0,0,0
5,32,3,8,0,4,0,1,,0,1,1,2,0,,0,0,0,0
5,32,3,8,0,4,0,1,,1,1,1,3,0,,0,0,0,0
5,32,3,8,0,4,0,1,,2,1,1,3,0,,0,0,0,0
5,32,3,8,0,4,0,1,,3,1,1,5,0,,0,0,0,0
5,32,3,8,0,4,0,1,,5,1,1,2,0,,0,0,0,0
5,32,3,8,0,4,0,1,,6,1,1,2,0,,0,0,0,0
5,32,3,8,0,4,0,1,,7,1,1,3,0,,0,0,0,0
5,32,3,8,0,4,0,1,,8,1,1,2,0,,0,0,0,0
5,32,3,8,0,4,0,1,,9,1,1,3,0,,0,0,0,0
5,32,3,8,0,4,0,1,,10,1,1,3,0,,0,0,0,0
5,32,3,8,0,4,0,1,,11,1,1,5,0,,0,0,0,0
5,32,3,8,0,4,0,1,,13,1,1,2,0,,0,0,0,0
5,32,3,8,0,4,0,1,,14,1,1,2,0,,0,0,0,0
5,32,3,8,0,4,0,1,,15,1,1,3,0,,0,0,0,0
5,32,3,8,0,4,0,1,,16,1,1,2,0,,0,0,0,0
5,32,3,8,0,4,0,1,,17,1,1,3,0,,0,0,0,0
5,32,3,8,0,4,0,1,,18,1,1,3,0,,0,0,0,0
5,32,3,8,0,4,0,1,,19,1,1,5,0,,0,0,0,0
5,32,3,8,0,4,0,1,,21,1,1,2,0,,0,0,0,0
5,32,3,8,0,4,0,1,,22,1,1,2,0,,0,0,0,0
5,32,3,8,0,4,0,1,,23,1,1,3,0,,0,0,0,0
5,32,3,8,0,4,0,1,,24,1,1,2,0,,0,0,0,0
5,32,3,8,0,4,0,1,,25,1,1,3,0,,0,0,0,0
5,32,3,8,0,4,0,1,,26,1,1,3,0,,0,0,0,0
5,32,3,8,0,4,0,1,,27,1,1,5,0,,0,0,0,0
5,32,3,8,0,4,0,1,,29,1,1,2,0,,0,0,0,0
5,32,3,8,0,4,0,1,,30,1,1,2,0,,0,0,0,0
5,32,3,8,0,4,0,1,,31,1,1,3,0,,0,0,0,0
5,32,3,8,0,4,0,2,,0:9,1,1,4,0,,0,0,0,0
5,32,3,8,0,4,0,2,,0:24,1,1,4,0,,0,0,0,0
5,32,3,8,0,4,0,2,,0:26,1,1,5,0,,0,0,0,0
5,32,3,8,0,4,0,2,,1:29,1,1,5,0,,0,0,0,0
5,32,3,8,0,4,0,2,,2:8,1,1,4,0,,0,0,0,0
5,32,3,8,0,4,0,2,,2:11,1,1,6,0,,0,0,0,0
5,32,3,8,0,4,0,2,,3:26,1,1,8,0,,0,0,0,0
5,32,3,8,0,4,0,2,,5:25,1,1,5,0,,0,0,0,0
5,32,3,8,0,4,0,2,,5:26,1,1,5,0,,0,0,0,0
5,32,3,8,0,4,0,2,,5:29,1,1,4,0,,0,0,0,0
5,32,3,8,0,4,0,2,,6:7,1,1,4,0,,0,0,0,0
5,32,3,8,0,4,0,2,,6:23,1,1,4,0,,0,0,0,0
5,32,3,8,0,4,0,2,,7:11,1,1,6,0,,0,0,0,0
5,32,3,8,0,4,0,2,,8:22,1,1,4,0,,0,0,0,0
5,32,3,8,0,4,0,2,,9:22,1,1,5,0,,0,0,0,0
5,32,3,8,0,4,0,2,,10:16,1,1,5,0,,0,0,0,0
5,32,3,8,0,4,0,2,,10:29,1,1,5,0,,0,0,0,0
5,32,3,8,0,4,0,2,,11:26,1,1,6,0,,0,0,0,0
5,32,3,8,0,4,0,2,,13:17,1,1,5,0,,0,0,0,0
5,32,3,8,0,4,0,2,,13:21,1,1,4,0,,0,0,0,0
5,32,3,8,0,4,0,2,,14:29,1,1,4,0,,0,0,0,0
5,32,3,8,0,4,0,2,,15:22,1,1,5,0,,0,0,0,0
5,32,3,8,0,4,0,2,,17:26,1,1,6,0,,0,0,0,0
5,32,3,8,0,4,0,2,,21:24,1,1,4,0,,0,0,0,0
5,32,3,8,0,4,0,2,,21:25,1,1,4,0,,0,0,0,0
5,32,3,8,0,4,0,2,,21:27,1,1,7,0,,0,0,0,0
5,32,3,8,0,4,0,2,,22:24,1,1,4,0,,0,0,0,0
5,32,3,8,0,4,0,2,,24:29,1,1,3,0,,0,0,0,0
5,32,3,8,0,4,0,2,,29:31,1,1,4,0,,0,0,0,0
5,32,3,8,0,4,0,2,,30:31,1,1,4,0,,0,0,0,0
5,32,3,8,0,5,0,0,,,1,1,0,0,,0,0,0,0
5,32,3,8,0,5,0,1,,0,1,1,3,0,,0,0,0,0
5,32,3,8,0,5,0,1,,1,1,1,2,0,,0,0,0,0
5,32,3,8,0,5,0,1,,2,1,1,5,0,,0,0,0,0
5,32,3,8,0,5,0,1,,3,1,1,3,0,,0,0,0,0
5,32,3,8,0,5,0,1,,4,1,1,2,0,,0,0,0,0
5,32,3,8,0,5,0,1,,6,1,1,3,0,,0,0,0,0
5,32,3,8,0,5,0,1,,7,1,1,2,0,,0,0,0,0
5,32,3,8,0,5,0,1,,8,1,1,3,0,,0,0,0,0
5,32,3,8,0,5,0,1,,9,1,1,2,0,,0,0,0,0
5,32,3,8,0,5,0,1,,10,1,1,5,0,,0,0,0,0
5,32,3,8,0,5,0,1,,11,1,1,3,0,,0,0,0,0
5,32,3,8,0,5,0,1,,12,1,1,2,0,,0,0,0,0
5,32,3,8,0,5,0,1,,14,1,1,3,0,,0,0,0,0
5,32,3,8,0,5,0,1,,15,1,1,2,0,,0,0,0,0
5,32,3,8,0,5,0,1,,16,1,1,3,0,,0,0,0,0
5,32,3,8,0,5,0,1,,17,1,1,2,0,,0,0,0,0
5,32,3,8,0,5,0,1,,18,1,1,5,0,,0,0,0,0
5,32,3,8,0,5,0,1,,19,1,1,3,0,,0,0,0,0
5,32,3,8,0,5,0,1,,20,1,1,2,0,,0,0,0,0
5,32,3,8,0,5,0,1,,22,1,1,3,0,,0,0,0,0
5,32,3,8,0,5,0,1,,23,1,1,2,0,,0,0,0,0
5,32,3,8,0,5,0,1,,24,1,1,3,0,,0,0,0,0
5,32,3,8,0,5,0,1,,25,1,1,2,0,,0,0,0,0
5,32,3,8,0,5,0,1,,26,1,1,5,0,,0,0,0,0
5,32,3,8,0,5,0,1,,27,1,1,3,0,,0,0,0,0
5,32,3,8,0,5,0,1,,28,1,1,2,0,,0,0,0,0
5,32,3,8,0,5,0,1,,30,1,1,3,0,,0,0,0,0
5,32,3,8,0,5,0,1,,31,1,1,2,0,,0,0,0,0
5,32,3,8,0,5,0,2,,0:14,1,1,6,0,,0,0,0,0
5,32,3,8,0,5,0,2,,0:28,1,1,5,0,,0,0,0,0
5,32,3,8,0,5,0,2,,1:6,1,1,5,0,,0,0,0,0
5,32,3,8,0,5,0,2,,1:17,1,1,4,0,,0,0,0,0
5,32,3,8,0,5,0,2,,2:8,1,1,6,0,,0,0,0,0
5,32,3,8,0,5,0,2,,2:9,1,1,7,0,,0,0,0,0
5,32,3,8,0,5,0,2,,2:19,1,1,6,0,,0,0,0,0
5,32,3,8,0,5,0,2,,3:16,1,1,6,0,,0,0,0,0
5,32,3,8,0,5,0,2,,4:11,1,1,5,0,,0,0,0,0
5,32,3,8,0,5,0,2,,4:20,1,1,4,0,,0,0,0,0
5,32,3,8,0,5,0,2,,4:22,1,1,4,0,,0,0,0,0
5,32,3,8,0,5,0,2,,8:9,1,1,4,0,,0,0,0,0
5,32,3,8,0,5,0,2,,8:24,1,1,4,0,,0,0,0,0
5,32,3,8,0,5,0,2,,8:26,1,1,6,0,,0,0,0,0
5,32,3,8,0,5,0,2,,8:27,1,1,6,0,,0,0,0,0
5,32,3,8,0,5,0,2,,9:30,1,1,5,0,,0,0,0,0
5,32,3,8,0,5,0,2,,9:31,1,1,4,0,,0,0,0,0
5,32,3,8,0,5,0,2,,10:15,1,1,5,0,,0,0,0,0
5,32,3,8,0,5,0,2,,10:30,1,1,6,0,,0,0,0,0
5,32,3,8,0,5,0,2,,10:31,1,1,7,0,,0,0,0,0
5,32,3,8,0,5,0,2,,11:12,1,1,5,0,,0,0,0,0
5,32,3,8,0,5,0,2,,11:24,1,1,6,0,,0,0,0,0
5,32,3,8,0,5,0,2,,12:16,1,1,5,0,,0,0,0,0
5,32,3,8,0,5,0,2,,12:19,1,1,5,0,,0,0,0,0
5,32,3,8,0,5,0,2,,12:30,1,1,4,0,,0,0,0,0
5,32,3,8,0,5,0,2,,15:27,1,1,4,0,,0,0,0,0
5,32,3,8,0,5,0,2,,17:27,1,1,4,0,,0,0,0,0
5,32,3,8,0,5,0,2,,18:20,1,1,5,0,,0,0,0,0
5,32,3,8,0,5,0,2,,19:22,1,1,5,0,,0,0,0,0
5,32,3,8,0,5,0,2,,19:30,1,1,6,0,,0,0,0,0
5,32,3,8,0,6,0,0,,,1,1,0,0,,0,0,0,0
5,32,3,8,0,6,0,1,,0,1,1,3,0,,0,0,0,0
5,32,3,8,0,6,0,1,,1,1,1,5,0,,0,0,0,0
5,32,3,8,0,6,0,1,,2,1,1,2,0,,0,0,0,0
5,32,3,8,0,6,0,1,,3,1,1,3,0,,0,0,0,0
5,32,3,8,0,6,0,1,,4,1,1,2,0,,0,0,0,0
5,32,3,8,0,6,0,1,,5,1,1,3,0,,0,0,0,0
5,32,3,8,0,6,0,1,,7,1,1,2,0,,0,0,0,0
5,32,3,8,0,6,0,1,,8,1,1,3,0,,0,0,0,0
5,32,3,8,0,6,0,1,,9,1,1,5,0,,0,0,0,0
5,32,3,8,0,6,0,1,,10,1,1,2,0,,0,0,0,0
5,32,3,8,0,6,0,1,,11,1,1,3,0,,0,0,0,0
5,32,3,8,0,6,0,1,,12,1,1,2,0,,0,0,0,0
5,32,3,8,0,6,0,1,,13,1,1,3,0,,0,0,0,0
5,32,3,8,0,6,0,1,,15,1,1,2,0,,0,0,0,0
5,32,3,8,0,6,0,1,,16,1,1,3,0,,0,0,0,0
5,32,3,8,0,6,0,1,,17,1,1,5,0,,0,0,0,0
5,32,3,8,0,6,0,1,,18,1,1,2,0,,0,0,0,0
5,32,3,8,0,6,0,1,,19,1,1,3,0,,0,0,0,0
5,32,3,8,0,6,0,1,,20,1,1,2,0,,0,0,0,0
5,32,3,8,0,6,0,1,,21,1,1,3,0,,0,0,0,0
5,32,3,8,0,6,0,1,,23,1,1,2,0,,0,0,0,0
5,32,3,8,0,6,0,1,,24,1,1,3,0,,0,0,0,0
5,32,3,8,0,6,0,1,,25,1,1,5,0,,0,0,0,0
5,32,3,8,0,6,0,1,,26,1,1,2,0,,0,0,0,0
5,32,3,8,0,6,0,1,,27,1,1,3,0,,0,0,0,0
5,32,3,8,0,6,0,1,,28,1,1,2,0,,0,0,0,0
5,32,3,8,0,6,0,1,,29,1,1,3,0,,0,0,0,0
5,32,3,8,0,6,0,1,,31,1,1,2,0,,0,0,0,0
5,32,3,8,0,6,0,2,,0:19,1,1,6,0,,0,0,0,0
5,32,3,8,0,6,0,2,,0:25,1,1,8,0,,0,0,0,0
5,32,3,8,0,6,0,2,,0:31,1,1,5,0,,0,0,0,0
5,32,3,8,0,6,0,2,,1:9,1,1,8,0,,0,0,0,0
5,32,3,8,0,6,0,2,,1:17,1,1,8,0,,0,0,0,0
5,32,3,8,0,6,0,2,,2:23,1,1,4,0,,0,0,0,0
5,32,3,8,0,6,0,2,,2:24,1,1,5,0,,0,0,0,0
5,32,3,8,0,6,0,2,,2:31,1,1,4,0,,0,0,0,0
5,32,3,8,0,6,0,2,,3:16,1,1,6,0,,0,0,0,0
5,32,3,8,0,6,0,2,,3:29,1,1,6,0,,0,0,0,0
5,32,3,8,0,6,0,2,,4:17,1,1,7,0,,0,0,0,0
5,32,3,8,0,6,0,2,,5:16,1,1,6,0,,0,0,0,0
5,32,3,8,0,6,0,2,,5:19,1,1,6,0,,0,0,0,0
5,32,3,8,0,6,0,2,,7:15,1,1,4,0,,0,0,0,0
5,32,3,8,0,6,0,2,,8:24,1,1,4,0,,0,0,0,0
5,32,3,8,0,6,0,2,,9:26,1,1,7,0,,0,0,0,0
5,32,3,8,0,6,0,2,,10:18,1,1,4,0,,0,0,0,0
5,32,3,8,0,6,0,2,,10:23,1,1,4,0,,0,0,0,0
5,32,3,8,0,6,0,2,,12:27,1,1,5,0,,0,0,0,0
5,32,3,8,0,6,0,2,,12:28,1,1,4,0,,0,0,0,0
5,32,3,8,0,6,0,2,,13:19,1,1,6,0,,0,0,0,0
5,32,3,8,0,6,0,2,,15:16,1,1,5,0,,0,0,0,0
5,32,3,8,0,6,0,2,,15:24,1,1,5,0,,0,0,0,0
5,32,3,8,0,6,0,2,,16:21,1,1,5,0,,0,0,0,0
5,32,3,8,0,6,0,2,,16:23,1,1,5,0,,0,0,0,0
5,32,3,8,0,6,0,2,,20:26,1,1,4,0,,0,0,0,0
5,32,3,8,0,6,0,2,,23:24,1,1,5,0,,0,0,0,0
5,32,3,8,0,6,0,2,,23:28,1,1,4,0,,0,0,0,0
5,32,3,8,0,6,0,2,,24:28,1,1,4,0,,0,0,0,0
5,32,3,8,0,6,0,2,,25:27,1,1,6,0,,0,0,0,0
5,32,3,8,0,7,0,0,,,1,1,0,0,,0,0,0,0
5,32,3,8,0,7,0,1,,0,1,1,5,0,,0,0,0,0
5,32,3,8,0,7,0,1,,1,1,1,3,0,,0,0,0,0
5,32,3,8,0,7,0,1,,2,1,1,3,0,,0,0,0,0
5,32,3,8,0,7,0,1,,3,1,1,2,0,,0,0,0,0
5,32,3,8,0,7,0,1,,4,1,1,3,0,,0,0,0,0
5,32,3,8,0,7,0,1,,5,1,1,2,0,,0,0,0,0
5,32,3,8,0,7,0,1,,6,1,1,2,0,,0,0,0,0
5,32,3,8,0,7,0,1,,8,1,1,5,0,,0,0,0,0
5,32,3,8,0,7,0,1,,9,1,1,3,0,,0,0,0,0
5,32,3,8,0,7,0,1,,10,1,1,3,0,,0,0,0,0
5,32,3,8,0,7,0,1,,11,1,1,2,0,,0,0,0,0
5,32,3,8,0,7,0,1,,12,1,1,3,0,,0,0,0,0
5,32,3,8,0,7,0,1,,13,1,1,2,0,,0,0,0,0
5,32,3,8,0,7,0,1,,14,1,1,2,0,,0,0,0,0
5,32,3,8,0,7,0,1,,16,1,1,5,0,,0,0,0,0
5,32,3,8,0,7,0,1,,17,1,1,3,0,,0,0,0,0
5,32,3,8,0,7,0,1,,18,1,1,3,0,,0,0,0,0
5,32,3,8,0,7,0,1,,19,1,1,2,0,,0,0,0,0
5,32,3,8,0,7,0,1,,20,1,1,3,0,,0,0,0,0
5,32,3,8,0,7,0,1,,21,1,1,2,0,,0,0,0,0
5,32,3,8,0,7,0,1,,22,1,1,2,0,,0,0,0,0
5,32,3,8,0,7,0,1,,24,1,1,5,0,,0,0,0,0
5,32,3,8,0,7,0,1,,25,1,1,3,0,,0,0,0,0
5,32,3,8,0,7,0,1,,26,1,1,3,0,,0,0,0,0
5,32,3,8,0,7,0,1,,27,1,1,2,0,,0,0,0,0
5,32,3,8,0,7,0,1,,28,1,1,3,0,,0,0,0,0
5,32,3,8,0,7,0,1,,29,1,1,2,0,,0,0,0,0
5,32,3,8,0,7,0,1,,30,1,1,2,0,,0,0,0,0
5,32,3,8,0,7,0,2,,0:1,1,1,6,0,,0,0,0,0
5,32,3,8,0,7,0,2,,1:16,1,1,6,0,,0,0,0,0
5,32,3,8,0,7,0,2,,1:28,1,1,6,0,,0,0,0,0
5,32,3,8,0,7,0,2,,2:3,1,1,4,0,,0,0,0,0
5,32,3,8,0,7,0,2,,4:26,1,1,6,0,,0,0,0,0
5,32,3,8,0,7,0,2,,4:27,1,1,5,0,,0,0,0,0
5,32,3,8,0,7,0,2,,5:21,1,1,4,0,,0,0,0,0
5,32,3,8,0,7,0,2,,6:10,1,1,4,0,,0,0,0,0
5,32,3,8,0,7,0,2,,6:21,1,1,4,0,,0,0,0,0
5,32,3,8,0,7,0,2,,8:29,1,1,7,0,,0,0,0,0
5,32,3,8,0,7,0,2,,9:10,1,1,5,0,,0,0,0,0
5,32,3,8,0,7,0,2,,10:14,1,1,4,0,,0,0,0,0
5,32,3,8,0,7,0,2,,10:24,1,1,6,0,,0,0,0,0
5,32,3,8,0,7,0,2,,11:16,1,1,7,0,,0,0,0,0
5,32,3,8,0,7,0,2,,11:30,1,1,4,0,,0,0,0,0
5,32,3,8,0,7,0,2,,12:18,1,1,6,0,,0,0,0,0
5,32,3,8,0,7,0,2,,13:21,1,1,4,0,,0,0,0,0
5,32,3,8,0,7,0,2,,13:26,1,1,5,0,,0,0,0,0
5,32,3,8,0,7,0,2,,13:29,1,1,4,0,,0,0,0,0
5,32,3,8,0,7,0,2,,14:16,1,1,7,0,,0,0,0,0
5,32,3,8,0,7,0,2,,14:28,1,1,4,0,,0,0,0,0
5,32,3,8,0,7,0,2,,16:17,1,1,6,0,,0,0,0,0
5,32,3,8,0,7,0,2,,16:26,1,1,6,0,,0,0,0,0
5,32,3,8,0,7,0,2,,16:28,1,1,6,0,,0,0,0,0
5,32,3,8,0,7,0,2,,17:21,1,1,4,0,,0,0,0,0
5,32,3,8,0,7,0,2,,18:24,1,1,6,0,,0,0,0,0
5,32,3,8,0,7,0,2,,18:26,1,1,4,0,,0,0,0,0
5,32,3,8,0,7,0,2,,18:28,1,1,6,0,,0,0,0,0
5,32,3,8,0,7,0,2,,21:26,1,1,5,0,,0,0,0,0
5,32,3,8,0,7,0,2,,27:28,1,1,5,0,,0,0,0,0
5,32,3,8,8,0,0,0,,,1,1,0,0,,0,0,0,0
5,32,3,8,8,0,0,1,,1,1,1,2,0,,0,0,0,0
5,32,3,8,8,0,0,1,,2,1,1,2,0,,0,0,0,0
5,32,3,8,8,0,0,1,,3,1,1,3,0,,0,0,0,0
5,32,3,8,8,0,0,1,,4,1,1,2,0,,0,0,0,0
5,32,3,8,8,0,0,1,,5,1,1,3,0,,0,0,0,0
5,32,3,8,8,0,0,1,,6,1,1,3,0,,0,0,0,0
5,32,3,8,8,0,0,1,,7,1,1,5,0,,0,0,0,0
5,32,3,8,8,0,0,1,,9,1,1,2,0,,0,0,0,0
5,32,3,8,8,0,0,1,,10,1,1,2,0,,0,0,0,0
5,32,3,8,8,0,0,1,,11,1,1,3,0,,0,0,0,0
5,32,3,8,8,0,0,1,,12,1,1,2,0,,0,0,0,0
5,32,3,8,8,0,0,1,,13,1,1,3,0,,0,0,0,0
5,32,3,8,8,0,0,1,,14,1,1,3,0,,0,0,0,0
5,32,3,8,8,0,0,1,,15,1,1,5,0,,0,0,0,0
5,32,3,8,8,0,0,1,,17,1,1,2,0,,0,0,0,0
5,32,3,8,8,0,0,1,,18,1,1,2,0,,0,0,0,0
5,32,3,8,8,0,0,1,,19,1,1,3,0,,0,0,0,0
5,32,3,8,8,0,0,1,,20,1,1,2,0,,0,0,0,0
5,32,3,8,8,0,0,1,,21,1,1,3,0,,0,0,0,0
5,32,3,8,8,0,0,1,,22,1,1,3,0,,0,0,0,0
5,32,3,8,8,0,0,1,,23,1,1,5,0,,0,0,0,0
5,32,3,8,8,0,0,1,,25,1,1,2,0,,0,0,0,0
5,32,3,8,8,0,0,1,,26,1,1,2,0,,0,0,0,0
5,32,3,8,8,0,0,1,,27,1,1,3,0,,0,0,0,0
5,32,3,8,8,0,0,1,,28,1,1,2,0,,0,0,0,0
5,32,3,8,8,0,0,1,,29,1,1,3,0,,0,0,0,0
5,32,3,8,8,0,0,1,,30,1,1,3,0,,0,0,0,0
5,32,3,8,8,0,0,1,,31,1,1,5,0,,0,0,0,0
5,32,3,8,8,0,0,2,,1:6,1,1,5,0,,0,0,0,0
5,32,3,8,8,0,0,2,,1:12,1,1,4,0,,0,0,0,0
5,32,3,8,8,0,0,2,,1:26,1,1,4,0,,0,0,0,0
5,32,3,8,8,0,0,2,,1:28,1,1,4,0,,0,0,0,0
5,32,3,8,8,0,0,2,,1:29,1,1,5,0,,0,0,0,0
5,32,3,8,8,0,0,2,,2:14,1,1,4,0,,0,0,0,0
5,32,3,8,8,0,0,2,,3:22,1,1,6,0,,0,0,0,0
5,32,3,8,8,0,0,2,,3:26,1,1,5,0,,0,0,0,0
5,32,3,8,8,0,0,2,,4:12,1,1,4,0,,0,0,0,0
5,32,3,8,8,0,0,2,,5:6,1,1,5,0,,0,0,0,0
5,32,3,8,8,0,0,2,,5:18,1,1,5,0,,0,0,0,0
5,32,3,8,8,0,0,2,,5:26,1,1,5,0,,0,0,0,0
5,32,3,8,8,0,0,2,,6:7,1,1,6,0,,0,0,0,0
5,32,3,8,8,0,0,2,,6:14,1,1,4,0,,0,0,0,0
5,32,3,8,8,0,0,2,,6:20,1,1,4,0,,0,0,0,0
5,32,3,8,8,0,0,2,,9:11,1,1,4,0,,0,0,0,0
5,32,3,8,8,0,0,2,,9:30,1,1,5,0,,0,0,0,0
5,32,3,8,8,0,0,2,,10:26,1,1,4,0,,0,0,0,0
5,32,3,8,8,0,0,2,,10:30,1,1,4,0,,0,0,0,0
5,32,3,8,8,0,0,2,,11:17,1,1,5,0,,0,0,0,0
5,32,3,8,8,0,0,2,,11:28,1,1,5,0,,0,0,0,0
5,32,3,8,8,0,0,2,,14:15,1,1,6,0,,0,0,0,0
5,32,3,8,8,0,0,2,,14:23,1,1,8,0,,0,0,0,0
5,32,3,8,8,0,0,2,,15:20,1,1,7,0,,0,0,0,0
5,32,3,8,8,0,0,2,,17:27,1,1,4,0,,0,0,0,0
5,32,3,8,8,0,0,2,,18:25,1,1,4,0,,0,0,0,0
5,32,3,8,8,0,0,2,,19:30,1,1,6,0,,0,0,0,0
5,32,3,8,8,0,0,2,,20:22,1,1,4,0,,0,0,0,0
5,32,3,8,8,0,0,2,,22:25,1,1,5,0,,0,0,0,0
5,32,3,8,8,0,0,2,,23:26,1,1,7,0,,0,0,0,0
5,32,3,8,8,1,0,0,,,1,1,0,0,,0,0,0,0
5,32,3,8,8,1,0,1,,0,1,1,2,0,,0,0,0,0
5,32,3,8,8,1,0,1,,2,1,1,3,0,,0,0,0,0
5,32,3,8,8,1,0,1,,3,1,1,2,0,,0,0,0,0
5,32,3,8,8,1,0,1,,4,1,1,3,0,,0,0,0,0
5,32,3,8,8,1,0,1,,5,1,1,2,0,,0,0,0,0
5,32,3,8,8,1,0,1,,6,1,1,5,0,,0,0,0,0
5,32,3,8,8,1,0,1,,7,1,1,3,0,,0,0,0,0
5,32,3,8,8,1,0,1,,8,1,1,2,0,,0,0,0,0
5,32,3,8,8,1,0,1,,10,1,1,3,0,,0,0,0,0
5,32,3,8,8,1,0,1,,11,1,1,2,0,,0,0,0,0
5,32,3,8,8,1,0,1,,12,1,1,3,0,,0,0,0,0
5,32,3,8,8,1,0,1,,13,1,1,2,0,,0,0,0,0
5,32,3,8,8,1,0,1,,14,1,1,5,0,,0,0,0,0
5,32,3,8,8,1,0,1,,15,1,1,3,0,,0,0,0,0
5,32,3,8,8,1,0,1,,16,1,1,2,0,,0,0,0,0
5,32,3,8,8,1,0,1,,18,1,1,3,0,,0,0,0,0
5,32,3,8,8,1,0,1,,19,1,1,2,0,,0,0,0,0
5,32,3,8,8,1,0,1,,20,1,1,3,0,,0,0,0,0
5,32,3,8,8,1,0,1,,21,1,1,2,0,,0,0,0,0
5,32,3,8,8,1,0,1,,22,1,1,5,0,,0,0,0,0
5,32,3,8,8,1,0,1,,23,1,1,3,0,,0,0,0,0
5,32,3,8,8,1,0,1,,24,1,1,2,0,,0,0,0,0
5,32,3,8,8,1,0,1,,26,1,1,3,0,,0,0,0,0
5,32,3,8,8,1,0,1,,27,1,1,2,0,,0,0,0,0
5,32,3,8,8,1,0,1,,28,1,1,3,0,,0,0,0,0
5,32,3,8,8,1,0,1,,29,1,1,2,0,,0,0,0,0
5,32,3,8,8,1,0,1,,30,1,1,5,0,,0,0,0,0
5,32,3,8,8,1,0,1,,31,1,1,3,0,,0,0,0,0
5,32,3,8,8,1,0,2,,0:16,1,1,4,0,,0,0,0,0
5,32,3,8,8,1,0,2,,0:19,1,1,4,0,,0,0,0,0
5,32,3,8,8,1,0,2,,0:23,1,1,5,0,,0,0,0,0
5,32,3,8,8,1,0,2,,2:7,1,1,5,0,,0,0,0,0
5,32,3,8,8,1,0,2,,2:13,1,1,5,0,,0,0,0,0
5,32,3,8,8,1,0,2,,2:21,1,1,5,0,,0,0,0,0
5,32,3,8,8,1,0,2,,2:31,1,1,6,0,,0,0,0,0
5,32,3,8,8,1,0,2,,3:4,1,1,5,0,,0,0,0,0
5,32,3,8,8,1,0,2,,3:26,1,1,5,0,,0,0,0,0
5,32,3,8,8,1,0,2,,5:12,1,1,4,0,,0,0,0,0
5,32,3,8,8,1,0,2,,5:23,1,1,4,0,,0,0,0,0
5,32,3,8,8,1,0,2,,5:29,1,1,4,0,,0,0,0,0
5,32,3,8,8,1,0,2,,7:14,1,1,6,0,,0,0,0,0
5,32,3,8,8,1,0,2,,7:15,1,1,4,0,,0,0,0,0
5,32,3,8,8,1,0,2,,7:18,1,1,6,0,,0,0,0,0
5,32,3,8,8,1,0,2,,7:26,1,1,6,0,,0,0,0,0
5,32,3,8,8,1,0,2,,7:29,1,1,5,0,,0,0,0,0
5,32,3,8,8,1,0,2,,8:29,1,1,4,0,,0,0,0,0
5,32,3,8,8,1,0,2,,10:19,1,1,5,0,,0,0,0,0
5,32,3,8,8,1,0,2,,10:26,1,1,4,0,,0,0,0,0
5,32,3,8,8,1,0,2,,11:27,1,1,4,0,,0,0,0,0
5,32,3,8,8,1,0,2,,12:28,1,1,4,0,,0,0,0,0
5,32,3,8,8,1,0,2,,13:18,1,1,5,0,,0,0,0,0
5,32,3,8,8,1,0,2,,13:26,1,1,5,0,,0,0,0,0
5,32,3,8,8,1,0,2,,16:18,1,1,4,0,,0,0,0,0
5,32,3,8,8,1,0,2,,16:30,1,1,7,0,,0,0,0,0
5,32,3,8,8,1,0,2,,19:30,1,1,7,0,,0,0,0,0
5,32,3,8,8,1,0,2,,21:27,1,1,4,0,,0,0,0,0
5,32,3,8,8,1,0,2,,21:28,1,1,4,0,,0,0,0,0
5,32,3,8,8,1,0,2,,23:24,1,1,5,0,,0,0,0,0
5,32,3,8,8,2,0,0,,,1,1,0,0,,0,0,0,0
5,32,3,8,8,2,0,1,,0,1,1,2,0,,0,0,0,0
5,32,3,8,8,2,0,1,,1,1,1,3,0,,0,0,0,0
5,32,3,8,8,2,0,1,,3,1,1,2,0,,0,0,0,0
5,32,3,8,8,2,0,1,,4,1,1,3,0,,0,0,0,0
5,32,3,8,8,2,0,1,,5,1,1,5,0,,0,0,0,0
5,32,3,8,8,2,0,1,,6,1,1,2,0,,0,0,0,0
5,32,3,8,8,2,0,1,,7,1,1,3,0,,0,0,0,0
5,32,3,8,8,2,0,1,,8,1,1,2,0,,0,0,0,0
5,32,3,8,8,2,0,1,,9,1,1,3,0,,0,0,0,0
5,32,3,8,8,2,0,1,,11,1,1,2,0,,0,0,0,0
5,32,3,8,8,2,0,1,,12,1,1,3,0,,0,0,0,0
5,32,3,8,8,2,0,1,,13,1,1,5,0,,0,0,0,0
5,32,3,8,8,2,0,1,,14,1,1,2,0,,0,0,0,0
5,32,3,8,8,2,0,1,,15,1,1,3,0,,0,0,0,0
5,32,3,8,8,2,0,1,,16,1,1,2,0,,0,0,0,0
5,32,3,8,8,2,0,1,,17,1,1,3,0,,0,0,0,0
5,32,3,8,8,2,0,1,,19,1,1,2,0,,0,0,0,0
5,32,3,8,8,2,0,1,,20,1,1,3,0,,0,0,0,0
5,32,3,8,8,2,0,1,,21,1,1,5,0,,0,0,0,0
5,32,3,8,8,2,0,1,,22,1,1,2,0,,0,0,0,0
5,32,3,8,8,2,0,1,,23,1,1,3,0,,0,0,0,0
5,32,3,8,8,2,0,1,,24,1,1,2,0,,0,0,0,0
5,32,3,8,8,2,0,1,,25,1,1,3,0,,0,0,0,0
5,32,3,8,8,2,0,1,,27,1,1,2,0,,0,0,0,0
5,32,3,8,8,2,0,1,,28,1,1,3,0,,0,0,0,0
5,32,3,8,8,2,0,1,,29,1,1,5,0,,0,0,0,0
5,32,3,8,8,2,0,1,,30,1,1,2,0,,0,0,0,0
5,32,3,8,8,2,0,1,,31,1,1,3,0,,0,0,0,0
5,32,3,8,8,2,0,2,,0:4,1,1,4,0,,0,0,0,0
5,32,3,8,8,2,0,2,,3:16,1,1,4,0,,0,0,0,0
5,32,3,8,8,2,0,2,,3:21,1,1,7,0,,0,0,0,0
5,32,3,8,8,2,0,2,,4:8,1,1,4,0,,0,0,0,0
5,32,3,8,8,2,0,2,,4:19,1,1,5,0,,0,0,0,0
5,32,3,8,8,2,0,2,,4:22,1,1,4,0,,0,0,0,0
5,32,3,8,8,2,0,2,,4:25,1,1,6,0,,0,0,0,0
5,32,3,8,8,2,0,2,,5:6,1,1,5,0,,0,0,0,0
5,32,3,8,8,2,0,2,,5:16,1,1,7,0,,0,0,0,0
5,32,3,8,8,2,0,2,,5:30,1,1,7,0,,0,0,0,0
5,32,3,8,8,2,0,2,,6:8,1,1,4,0,,0,0,0,0
5,32,3,8,8,2,0,2,,6:12,1,1,4,0,,0,0,0,0
5,32,3,8,8,2,0,2,,6:25,1,1,5,0,,0,0,0,0
5,32,3,8,8,2,0,2,,6:31,1,1,5,0,,0,0,0,0
5,32,3,8,8,2,0,2,,7:28,1,1,6,0,,0,0,0,0
5,32,3,8,8,2,0,2,,7:29,1,1,8,0,,0,0,0,0
5,32,3,8,8,2,0,2,,8:23,1,1,5,0,,0,0,0,0
5,32,3,8,8,2,0,2,,11:24,1,1,4,0,,0,0,0,0
5,32,3,8,8,2,0,2,,11:27,1,1,4,0,,0,0,0,0
5,32,3,8,8,2,0,2,,12:19,1,1,5,0,,0,0,0,0
5,32,3,8,8,2,0,2,,12:28,1,1,4,0,,0,0,0,0
5,32,3,8,8,2,0,2,,13:27,1,1,7,0,,0,0,0,0
5,32,3,8,8,2,0,2,,13:28,1,1,6,0,,0,0,0,0
5,32,3,8,8,2,0,2,,13:29,1,1,8,0,,0,0,0,0
5,32,3,8,8,2,0,2,,15:23,1,1,4,0,,0,0,0,0
5,32,3,8,8,2,0,2,,15:30,1,1,4,0,,0,0,0,0
5,32,3,8,8,2,0,2,,17:30,1,1,5,0,,0,0,0,0
5,32,3,8,8,2,0,2,,17:31,1,1,6,0,,0,0,0,0
5,32,3,8,8,2,0,2,,28:29,1,1,6,0,,0,0,0,0
5,32,3,8,8,2,0,2,,30:31,1,1,4,0,,0,0,0,0
5,32,3,8,8,3,0,0,,,1,1,0,0,,0,0,0,0
5,32,3,8,8,3,0,1,,0,1,1,3,0,,0,0,0,0
5,32,3,8,8,3,0,1,,1,1,1,2,0,,0,0,0,0
5,32,3,8,8,3,0,1,,2,1,1,2,0,,0,0,0,0
5,32,3,8,8,3,0,1,,4,1,1,5,0,,0,0,0,0
5,32,3,8,8,3,0,1,,5,1,1,3,0,,0,0,0,0
5,32,3,8,8,3,0,1,,6,1,1,3,0,,0,0,0,0
5,32,3,8,8,3,0,1,,7,1,1,2,0,,0,0,0,0
5,32,3,8,8,3,0,1,,8,1,1,3,0,,0,0,0,0
5,32,3,8,8,3,0,1,,9,1,1,2,0,,0,0,0,0
5,32,3,8,8,3,0,1,,10,1,1,2,0,,0,0,0,0
5,32,3,8,8,3,0,1,,12,1,1,5,0,,0,0,0,0
5,32,3,8,8,3,0,1,,13,1,1,3,0,,0,0,0,0
5,32,3,8,8,3,0,1,,14,1,1,3,0,,0,0,0,0
5,32,3,8,8,3,0,1,,15,1,1,2,0,,0,0,0,0
5,32,3,8,8,3,0,1,,16,1,1,3,0,,0,0,0,0
5,32,3,8,8,3,0,1,,17,1,1,2,0,,0,0,0,0
5,32,3,8,8,3,0,1,,18,1,1,2,0,,0,0,0,0
5,32,3,8,8,3,0,1,,20,1,1,5,0,,0,0,0,0
5,32,3,8,8,3,0,1,,21,1,1,3,0,,0,0,0,0
5,32,3,8,8,3,0,1,,22,1,1,3,0,,0,0,0,0
5,32,3,8,8,3,0,1,,23,1,1,2,0,,0,0,0,0
5,32,3,8,8,3,0,1,,24,1,1,3,0,,0,0,0,0
5,32,3,8,8,3,0,1,,25,1,1,2,0,,0,0,0,0
5,32,3,8,8,3,0,1,,26,1,1,2,0,,0,0,0,0
5,32,3,8,8,3,0,1,,28,1,1,5,0,,0,0,0,0
5,32,3,8,8,3,0,1,,29,1,1,3,0,,0,0,0,0
5,32,3,8,8,3,0,1,,30,1,1,3,0,,0,0,0,0
5,32,3,8,8,3,0,1,,31,1,1,2,0,,0,0,0,0
5,32,3,8,8,3,0,2,,1:18,1,1,4,0,,0,0,0,0
5,32,3,8,8,3,0,2,,2:5,1,1,5,0,,0,0,0,0
5,32,3,8,8,3,0,2,,2:7,1,1,3,0,,0,0,0,0
5,32,3,8,8,3,0,2,,2:8,1,1,4,0,,0,0,0,0
5,32,3,8,8,3,0,2,,2:26,1,1,4,0,,0,0,0,0
5,32,3,8,8,3,0,2,,4:26,1,1,7,0,,0,0,0,0
5,32,3,8,8,3,0,2,,5:14,1,1,6,0,,0,0,0,0
5,32,3,8,8,3,0,2,,5:29,1,1,4,0,,0,0,0,0
5,32,3,8,8,3,0,2,,5:30,1,1,6,0,,0,0,0,0
5,32,3,8,8,3,0,2,,6:26,1,1,5,0,,0,0,0,0
5,32,3,8,8,3,0,2,,7:8,1,1,5,0,,0,0,0,0
5,32,3,8,8,3,0,2,,7:9,1,1,4,0,,0,0,0,0
5,32,3,8,8,3,0,2,,7:10,1,1,4,0,,0,0,0,0
5,32,3,8,8,3,0,2,,7:16,1,1,5,0,,0,0,0,0
5,32,3,8,8,3,0,2,,8:16,1,1,4,0,,0,0,0,0
5,32,3,8,8,3,0,2,,9:13,1,1,4,0,,0,0,0,0
5,32,3,8,8,3,0,2,,10:20,1,1,7,0,,0,0,0,0
5,32,3,8,8,3,0,2,,10:24,1,1,4,0,,0,0,0,0
5,32,3,8,8,3,0,2,,12:20,1,1,8,0,,0,0,0,0
5,32,3,8,8,3,0,2,,12:21,1,1,8,0,,0,0,0,0
5,32,3,8,8,3,0,2,,13:30,1,1,6,0,,0,0,0,0
5,32,3,8,8,3,0,2,,14:16,1,1,6,0,,0,0,0,0
5,32,3,8,8,3,0,2,,14:30,1,1,4,0,,0,0,0,0
5,32,3,8,8,3,0,2,,14:31,1,1,4,0,,0,0,0,0
5,32,3,8,8,3,0,2,,15:18,1,1,4,0,,0,0,0,0
5,32,3,8,8,3,0,2,,17:20,1,1,5,0,,0,0,0,0
5,32,3,8,8,3,0,2,,18:21,1,1,5,0,,0,0,0,0
5,32,3,8,8,3,0,2,,18:23,1,1,3,0,,0,0,0,0
5,32,3,8,8,3,0,2,,21:28,1,1,6,0,,0,0,0,0
5,32,3,8,8,3,0,2,,26:30,1,1,4,0,,0,0,0,0
5,32,3,8,8,4,0,0,,,1,1,0,0,,0,0,0,0
5,32,3,8,8,4,0,1,,0,1,1,2,0,,0,0,0,0
5,32,3,8,8,4,0,1,,1,1,1,3,0,,0,0,0,0
5,32,3,8,8,4,0,1,,2,1,1,3,0,,0,0,0,0
5,32,3,8,8,4,0,1,,3,1,1,5,0,,0,0,0,0
5,32,3,8,8,4,0,1,,5,1,1,2,0,,0,0,0,0
5,32,3,8,8,4,0,1,,6,1,1,2,0,,0,0,0,0
5,32,3,8,8,4,0,1,,7,1,1,3,0,,0,0,0,0
5,32,3,8,8,4,0,1,,8,1,1,2,0,,0,0,0,0
5,32,3,8,8,4,0,1,,9,1,1,3,0,,0,0,0,0
5,32,3,8,8,4,0,1,,10,1,1,3,0,,0,0,0,0
5,32,3,8,8,4,0,1,,11,1,1,5,0,,0,0,0,0
5,32,3,8,8,4,0,1,,13,1,1,2,0,,0,0,0,0
5,32,3,8,8,4,0,1,,14,1,1,2,0,,0,0,0,0
5,32,3,8,8,4,0,1,,15,1,1,3,0,,0,0,0,0
5,32,3,8,8,4,0,1,,16,1,1,2,0,,0,0,0,0
5,32,3,8,8,4,0,1,,17,1,1,3,0,,0,0,0,0
5,32,3,8,8,4,0,1,,18,1,1,3,0,,0,0,0,0
5,32,3,8,8,4,0,1,,19,1,1,5,0,,0,0,0,0
5,32,3,8,8,4,0,1,,21,1,1,2,0,,0,0,0,0
5,32,3,8,8,4,0,1,,22,1,1,2,0,,0,0,0,0
5,32,3,8,8,4,0,1,,23,1,1,3,0,,0,0,0,0
5,32,3,8,8,4,0,1,,24,1,1,2,0,,0,0,0,0
5,32,3,8,8,4,0,1,,25,1,1,3,0,,0,0,0,0
5,32,3,8,8,4,0,1,,26,1,1,3,0,,0,0,0,0
5,32,3,8,8,4,0,1,,27,1,1,5,0,,0,0,0,0
5,32,3,8,8,4,0,1,,29,1,1,2,0,,0,0,0,0
5,32,3,8,8,4,0,1,,30,1,1,2,0,,0,0,0,0
5,32,3,8,8,4,0,1,,31,1,1,3,0,,0,0,0,0
5,32,3,8,8,4,0,2,,0:11,1,1,7,0,,0,0,0,0
5,32,3,8,8,4,0,2,,0:15,1,1,5,0,,0,0,0,0
5,32,3,8,8,4,0,2,,0:16,1,1,4,0,,0,0,0,0
5,32,3,8,8,4,0,2,,0:17,1,1,4,0,,0,0,0,0
5,32,3,8,8,4,0,2,,0:22,1,1,4,0,,0,0,0,0
5,32,3,8,8,4,0,2,,1:6,1,1,5,0,,0,0,0,0
5,32,3,8,8,4,0,2,,1:11,1,1,6,0,,0,0,0,0
5,32,3,8,8,4,0,2,,1:27,1,1,8,0,,0,0,0,0
5,32,3,8,8,4,0,2,,2:8,1,1,4,0,,0,0,0,0
5,32,3,8,8,4,0,2,,2:26,1,1,4,0,,0,0,0,0
5,32,3,8,8,4,0,2,,3:14,1,1,7,0,,0,0,0,0
5,32,3,8,8,4,0,2,,3:24,1,1,7,0,,0,0,0,0
5,32,3,8,8,4,0,2,,6:9,1,1,5,0,,0,0,0,0
5,32,3,8,8,4,0,2,,6:26,1,1,5,0,,0,0,0,0
5,32,3,8,8,4,0,2,,7:18,1,1,6,0,,0,0,0,0
5,32,3,8,8,4,0,2,,9:11,1,1,6,0,,0,0,0,0
5,32,3,8,8,4,0,2,,9:19,1,1,8,0,,0,0,0,0
5,32,3,8,8,4,0,2,,10:14,1,1,4,0,,0,0,0,0
5,32,3,8,8,4,0,2,,10:16,1,1,5,0,,0,0,0,0
5,32,3,8,8,4,0,2,,11:14,1,1,5,0,,0,0,0,0
5,32,3,8,8,4,0,2,,11:19,1,1,8,0,,0,0,0,0
5,32,3,8,8,4,0,2,,11:31,1,1,6,0,,0,0,0,0
5,32,3,8,8,4,0,2,,14:25,1,1,5,0,,0,0,0,0
5,32,3,8,8,4,0,2,,15:30,1,1,4,0,,0,0,0,0
5,32,3,8,8,4,0,2,,16:18,1,1,4,0,,0,0,0,0
5,32,3,8,8,4,0,2,,17:22,1,1,5,0,,0,0,0,0
5,32,3,8,8,4,0,2,,17:31,1,1,6,0,,0,0,0,0
5,32,3,8,8,4,0,2,,25:26,1,1,5,0,,0,0,0,0
5,32,3,8,8,4,0,2,,25:31,1,1,5,0,,0,0,0,0
5,32,3,8,8,4,0,2,,29:30,1,1,3,0,,0,0,0,0
5,32,3,8,8,5,0,0,,,1,1,0,0,,0,0,0,0
5,32,3,8,8,5,0,1,,0,1,1,3,0,,0,0,0,0
5,32,3,8,8,5,0,1,,1,1,1,2,0,,0,0,0,0
5,32,3,8,8,5,0,1,,2,1,1,5,0,,0,0,0,0
5,32,3,8,8,5,0,1,,3,1,1,3,0,,0,0,0,0
5,32,3,8,8,5,0,1,,4,1,1,2,0,,0,0,0,0
5,32,3,8,8,5,0,1,,6,1,1,3,0,,0,0,0,0
5,32,3,8,8,5,0,1,,7,1,1,2,0,,0,0,0,0
5,32,3,8,8,5,0,1,,8,1,1,3,0,,0,0,0,0
5,32,3,8,8,5,0,1,,9,1,1,2,0,,0,0,0,0
5,32,3,8,8,5,0,1,,10,1,1,5,0,,0,0,0,0
5,32,3,8,8,5,0,1,,11,1,1,3,0,,0,0,0,0
5,32,3,8,8,5,0,1,,12,1,1,2,0,,0,0,0,0
5,32,3,8,8,5,0,1,,14,1,1,3,0,,0,0,0,0
5,32,3,8,8,5,0,1,,15,1,1,2,0,,0,0,0,0
5,32,3,8,8,5,0,1,,16,1,1,3,0,,0,0,0,0
5,32,3,8,8,5,0,1,,17,1,1,2,0,,0,0,0,0
5,32,3,8,8,5,0,1,,18,1,1,5,0,,0,0,0,0
5,32,3,8,8,5,0,1,,19,1,1,3,0,,0,0,0,0
5,32,3,8,8,5,0,1,,20,1,1,2,0,,0,0,0,0
5,32,3,8,8,5,0,1,,22,1,1,3,0,,0,0,0,0
5,32,3,8,8,5,0,1,,23,1,1,2,0,,0,0,0,0
5,32,3,8,8,5,0,1,,24,1,1,3,0,,0,0,0,0
5,32,3,8,8,5,0,1,,25,1,1,2,0,,0,0,0,0
5,32,3,8,8,5,0,1,,26,1,1,5,0,,0,0,0,0
5,32,3,8,8,5,0,1,,27,1,1,3,0,,0,0,0,0
5,32,3,8,8,5,0,1,,28,1,1,2,0,,0,0,0,0
5,32,3,8,8,5,0,1,,30,1,1,3,0,,0,0,0,0
5,32,3,8,8,5,0,1,,31,1,1,2,0,,0,0,0,0
5,32,3,8,8,5,0,2,,0:8,1,1,4,0,,0,0,0,0
5,32,3,8,8,5,0,2,,0:27,1,1,6,0,,0,0,0,0
5,32,3,8,8,5,0,2,,1:17,1,1,4,0,,0,0,0,0
5,32,3,8,8,5,0,2,,2:3,1,1,6,0,,0,0,0,0
5,32,3,8,8,5,0,2,,2:15,1,1,7,0,,0,0,0,0
5,32,3,8,8,5,0,2,,2:17,1,1,7,0,,0,0,0,0
5,32,3,8,8,5,0,2,,2:19,1,1,6,0,,0,0,0,0
5,32,3,8,8,5,0,2,,2:26,1,1,8,0,,0,0,0,0
5,32,3,8,8,5,0,2,,3:7,1,1,4,0,,0,0,0,0
5,32,3,8,8,5,0,2,,3:26,1,1,8,0,,0,0,0,0
5,32,3,8,8,5,0,2,,4:20,1,1,4,0,,0,0,0,0
5,32,3,8,8,5,0,2,,6:11,1,1,6,0,,0,0,0,0
5,32,3,8,8,5,0,2,,6:18,1,1,6,0,,0,0,0,0
5,32,3,8,8,5,0,2,,7:30,1,1,5,0,,0,0,0,0
5,32,3,8,8,5,0,2,,8:9,1,1,4,0,,0,0,0,0
5,32,3,8,8,5,0,2,,9:12,1,1,3,0,,0,0,0,0
5,32,3,8,8,5,0,2,,9:15,1,1,3,0,,0,0,0,0
5,32,3,8,8,5,0,2,,9:17,1,1,4,0,,0,0,0,0
5,32,3,8,8,5,0,2,,9:23,1,1,4,0,,0,0,0,0
5,32,3,8,8,5,0,2,,11:12,1,1,5,0,,0,0,0,0
5,32,3,8,8,5,0,2,,11:31,1,1,4,0,,0,0,0,0
5,32,3,8,8,5,0,2,,12:25,1,1,4,0,,0,0,0,0
5,32,3,8,8,5,0,2,,14:18,1,1,8,0,,0,0,0,0
5,32,3,8,8,5,0,2,,14:22,1,1,4,0,,0,0,0,0
5,32,3,8,8,5,0,2,,19:31,1,1,4,0,,0,0,0,0
5,32,3,8,8,5,0,2,,22:24,1,1,6,0,,0,0,0,0
5,32,3,8,8,5,0,2,,23:24,1,1,5,0,,0,0,0,0
5,32,3,8,8,5,0,2,,23:27,1,1,4,0,,0,0,0,0
5,32,3,8,8,5,0,2,,24:31,1,1,5,0,,0,0,0,0
5,32,3,8,8,5,0,2,,26:27,1,1,6,0,,0,0,0,0
5,32,3,8,8,6,0,0,,,1,1,0,0,,0,0,0,0
5,32,3,8,8,6,0,1,,0,1,1,3,0,,0,0,0,0
5,32,3,8,8,6,0,1,,1,1,1,5,0,,0,0,0,0
5,32,3,8,8,6,0,1,,2,1,1,2,0,,0,0,0,0
5,32,3,8,8,6,0,1,,3,1,1,3,0,,0,0,0,0
5,32,3,8,8,6,0,1,,4,1,1,2,0,,0,0,0,0
5,32,3,8,8,6,0,1,,5,1,1,3,0,,0,0,0,0
5,32,3,8,8,6,0,1,,7,1,1,2,0,,0,0,0,0
5,32,3,8,8,6,0,1,,8,1,1,3,0,,0,0,0,0
5,32,3,8,8,6,0,1,,9,1,1,5,0,,0,0,0,0
5,32,3,8,8,6,0,1,,10,1,1,2,0,,0,0,0,0
5,32,3,8,8,6,0,1,,11,1,1,3,0,,0,0,0,0
5,32,3,8,8,6,0,1,,12,1,1,2,0,,0,0,0,0
5,32,3,8,8,6,0,1,,13,1,1,3,0,,0,0,0,0
5,32,3,8,8,6,0,1,,15,1,1,2,0,,0,0,0,0
5,32,3,8,8,6,0,1,,16,1,1,3,0,,0,0,0,0
5,32,3,8,8,6,0,1,,17,1,1,5,0,,0,0,0,0
5,32,3,8,8,6,0,1,,18,1,1,2,0,,0,0,0,0
5,32,3,8,8,6,0,1,,19,1,1,3,0,,0,0,0,0
5,32,3,8,8,6,0,1,,20,1,1,2,0,,0,0,0,0
5,32,3,8,8,6,0,1,,21,1,1,3,0,,0,0,0,0
5,32,3,8,8,6,0,1,,23,1,1,2,0,,0,0,0,0
5,32,3,8,8,6,0,1,,24,1,1,3,0,,0,0,0,0
5,32,3,8,8,6,0,1,,25,1,1,5,0,,0,0,0,0
5,32,3,8,8,6,0,1,,26,1,1,2,0,,0,0,0,0
5,32,3,8,8,6,0,1,,27,1,1,3,0,,0,0,0,0
5,32,3,8,8,6,0,1,,28,1,1,2,0,,0,0,0,0
5,32,3,8,8,6,0,1,,29,1,1,3,0,,0,0,0,0
5,32,3,8,8,6,0,1,,31,1,1,2,0,,0,0,0,0
5,32,3,8,8,6,0,2,,1:16,1,1,6,0,,0,0,0,0
5,32,3,8,8,6,0,2,,1:17,1,1,8,0,,0,0,0,0
5,32,3,8,8,6,0,2,,1:18,1,1,7,0,,0,0,0,0
5,32,3,8,8,6,0,2,,2:20,1,1,4,0,,0,0,0,0
5,32,3,8,8,6,0,2,,3:17,1,1,6,0,,0,0,0,0
5,32,3,8,8,6,0,2,,3:31,1,1,5,0,,0,0,0,0
5,32,3,8,8,6,0,2,,4:9,1,1,7,0,,0,0,0,0
5,32,3,8,8,6,0,2,,4:11,1,1,5,0,,0,0,0,0
5,32,3,8,8,6,0,2,,4:21,1,1,4,0,,0,0,0,0
5,32,3,8,8,6,0,2,,7:21,1,1,4,0,,0,0,0,0
5,32,3,8,8,6,0,2,,7:25,1,1,7,0,,0,0,0,0
5,32,3,8,8,6,0,2,,9:12,1,1,5,0,,0,0,0,0
5,32,3,8,8,6,0,2,,9:18,1,1,7,0,,0,0,0,0
5,32,3,8,8,6,0,2,,9:19,1,1,8,0,,0,0,0,0
5,32,3,8,8,6,0,2,,9:24,1,1,6,0,,0,0,0,0
5,32,3,8,8,6,0,2,,10:16,1,1,5,0,,0,0,0,0
5,32,3,8,8,6,0,2,,10:21,1,1,5,0,,0,0,0,0
5,32,3,8,8,6,0,2,,10:24,1,1,4,0,,0,0,0,0
5,32,3,8,8,6,0,2,,11:15,1,1,4,0,,0,0,0,0
5,32,3,8,8,6,0,2,,11:20,1,1,5,0,,0,0,0,0
5,32,3,8,8,6,0,2,,11:29,1,1,6,0,,0,0,0,0
5,32,3,8,8,6,0,2,,12:16,1,1,5,0,,0,0,0,0
5,32,3,8,8,6,0,2,,13:25,1,1,6,0,,0,0,0,0
5,32,3,8,8,6,0,2,,15:17,1,1,7,0,,0,0,0,0
5,32,3,8,8,6,0,2,,16:24,1,1,4,0,,0,0,0,0
5,32,3,8,8,6,0,2,,18:26,1,1,4,0,,0,0,0,0
5,32,3,8,8,6,0,2,,18:29,1,1,5,0,,0,0,0,0
5,32,3,8,8,6,0,2,,20:24,1,1,4,0,,0,0,0,0
5,32,3,8,8,6,0,2,,23:24,1,1,5,0,,0,0,0,0
5,32,3,8,8,6,0,2,,23:26,1,1,4,0,,0,0,0,0
5,32,3,8,8,7,0,0,,,1,1,0,0,,0,0,0,0
5,32,3,8,8,7,0,1,,0,1,1,5,0,,0,0,0,0
5,32,3,8,8,7,0,1,,1,1,1,3,0,,0,0,0,0
5,32,3,8,8,7,0,1,,2,1,1,3,0,,0,0,0,0
5,32,3,8,8,7,0,1,,3,1,1,2,0,,0,0,0,0
5,32,3,8,8,7,0,1,,4,1,1,3,0,,0,0,0,0
5,32,3,8,8,7,0,1,,5,1,1,2,0,,0,0,0,0
5,32,3,8,8,7,0,1,,6,1,1,2,0,,0,0,0,0
5,32,3,8,8,7,0,1,,8,1,1,5,0,,0,0,0,0
5,32,3,8,8,7,0,1,,9,1,1,3,0,,0,0,0,0
5,32,3,8,8,7,0,1,,10,1,1,3,0,,0,0,0,0
5,32,3,8,8,7,0,1,,11,1,1,2,0,,0,0,0,0
5,32,3,8,8,7,0,1,,12,1,1,3,0,,0,0,0,0
5,32,3,8,8,7,0,1,,13,1,1,2,0,,0,0,0,0
5,32,3,8,8,7,0,1,,14,1,1,2,0,,0,0,0,0
5,32,3,8,8,7,0,1,,16,1,1,5,0,,0,0,0,0
5,32,3,8,8,7,0,1,,17,1,1,3,0,,0,0,0,0
5,32,3,8,8,7,0,1,,18,1,1,3,0,,0,0,0,0
5,32,3,8,8,7,0,1,,19,1,1,2,0,,0,0,0,0
5,32,3,8,8,7,0,1,,20,1,1,3,0,,0,0,0,0
5,32,3,8,8,7,0,1,,21,1,1,2,0,,0,0,0,0
5,32,3,8,8,7,0,1,,22,1,1,2,0,,0,0,0,0
5,32,3,8,8,7,0,1,,24,1,1,5,0,,0,0,0,0
5,32,3,8,8,7,0,1,,25,1,1,3,0,,0,0,0,0
5,32,3,8,8,7,0,1,,26,1,1,3,0,,0,0,0,0
5,32,3,8,8,7,0,1,,27,1,1,2,0,,0,0,0,0
5,32,3,8,8,7,0,1,,28,1,1,3,0,,0,0,0,0
5,32,3,8,8,7,0,1,,29,1,1,2,0,,0,0,0,0
5,32,3,8,8,7,0,1,,30,1,1,2,0,,0,0,0,0
5,32,3,8,8,7,0,2,,0:10,1,1,6,0,,0,0,0,0
5,32,3,8,8,7,0,2,,0:29,1,1,7,0,,0,0,0,0
5,32,3,8,8,7,0,2,,3:4,1,1,5,0,,0,0,0,0
5,32,3,8,8,7,0,2,,3:19,1,1,4,0,,0,0,0,0
5,32,3,8,8,7,0,2,,3:29,1,1,4,0,,0,0,0,0
5,32,3,8,8,7,0,2,,4:11,1,1,5,0,,0,0,0,0
5,32,3,8,8,7,0,2,,4:25,1,1,6,0,,0,0,0,0
5,32,3,8,8,7,0,2,,5:25,1,1,5,0,,0,0,0,0
5,32,3,8,8,7,0,2,,5:28,1,1,5,0,,0,0,0,0
5,32,3,8,8,7,0,2,,6:8,1,1,7,0,,0,0,0,0
5,32,3,8,8,7,0,2,,6:24,1,1,7,0,,0,0,0,0
5,32,3,8,8,7,0,2,,8:22,1,1,7,0,,0,0,0,0
5,32,3,8,8,7,0,2,,9:20,1,1,6,0,,0,0,0,0
5,32,3,8,8,7,0,2,,9:22,1,1,5,0,,0,0,0,0
5,32,3,8,8,7,0,2,,10:17,1,1,6,0,,0,0,0,0
5,32,3,8,8,7,0,2,,10:18,1,1,4,0,,0,0,0,0
5,32,3,8,8,7,0,2,,12:19,1,1,5,0,,0,0,0,0
5,32,3,8,8,7,0,2,,12:22,1,1,5,0,,0,0,0,0
5,32,3,8,8,7,0,2,,12:29,1,1,4,0,,0,0,0,0
5,32,3,8,8,7,0,2,,13:22,1,1,4,0,,0,0,0,0
5,32,3,8,8,7,0,2,,14:25,1,1,5,0,,0,0,0,0
5,32,3,8,8,7,0,2,,17:26,1,1,6,0,,0,0,0,0
5,32,3,8,8,7,0,2,,18:25,1,1,6,0,,0,0,0,0
5,32,3,8,8,7,0,2,,18:28,1,1,6,0,,0,0,0,0
5,32,3,8,8,7,0,2,,19:24,1,1,7,0,,0,0,0,0
5,32,3,8,8,7,0,2,,19:25,1,1,4,0,,0,0,0,0
5,32,3,8,8,7,0,2,,19:26,1,1,4,0,,0,0,0,0
5,32,3,8,8,7,0,2,,20:26,1,1,6,0,,0,0,0,0
5,32,3,8,8,7,0,2,,20:29,1,1,4,0,,0,0,0,0
5,32,3,8,8,7,0,2,,21:26,1,1,5,0,,0,0,0,0
5,32,3,8,16,0,0,0,,,1,1,0,0,,0,0,0,0
5,32,3,8,16,0,0,1,,1,1,1,2,0,,0,0,0,0
5,32,3,8,16,0,0,1,,2,1,1,2,0,,0,0,0,0
5,32,3,8,16,0,0,1,,3,1,1,3,0,,0,0,0,0
5,32,3,8,16,0,0,1,,4,1,1,2,0,,0,0,0,0
5,32,3,8,16,0,0,1,,5,1,1,3,0,,0,0,0,0
5,32,3,8,16,0,0,1,,6,1,1,3,0,,0,0,0,0
5,32,3,8,16,0,0,1,,7,1,1,5,0,,0,0,0,0
5,32,3,8,16,0,0,1,,9,1,1,2,0,,0,0,0,0
5,32,3,8,16,0,0,1,,10,1,1,2,0,,0,0,0,0
5,32,3,8,16,0,0,1,,11,1,1,3,0,,0,0,0,0
5,32,3,8,16,0,0,1,,12,1,1,2,0,,0,0,0,0
5,32,3,8,16,0,0,1,,13,1,1,3,0,,0,0,0,0
5,32,3,8,16,0,0,1,,14,1,1,3,0,,0,0,0,0
5,32,3,8,16,0,0,1,,15,1,1,5,0,,0,0,0,0
5,32,3,8,16,0,0,1,,17,1,1,2,0,,0,0,0,0
5,32,3,8,16,0,0,1,,18,1,1,2,0,,0,0,0,0
5,32,3,8,16,0,0,1,,19,1,1,3,0,,0,0,0,0
5,32,3,8,16,0,0,1,,20,1,1,2,0,,0,0,0,0
5,32,3,8,16,0,0,1,,21,1,1,3,0,,0,0,0,0
5,32,3,8,16,0,0,1,,22,1,1,3,0,,0,0,0,0
5,32,3,8,16,0,0,1,,23,1,1,5,0,,0,0,0,0
5,32,3,8,16,0,0,1,,25,1,1,2,0,,0,0,0,0
5,32,3,8,16,0,0,1,,26,1,1,2,0,,0,0,0,0
5,32,3,8,16,0,0,1,,27,1,1,3,0,,0,0,0,0
5,32,3,8,16,0,0,1,,28,1,1,2,0,,0,0,0,0
5,32,3,8,16,0,0,1,,29,1,1,3,0,,0,0,0,0
5,32,3,8,16,0,0,1,,30,1,1,3,0,,0,0,0,0
5,32,3,8,16,0,0,1,,31,1,1,5,0,,0,0,0,0
5,32,3,8,16,0,0,2,,1:3,1,1,4,0,,0,0,0,0
5,32,3,8,16,0,0,2,,1:4,1,1,3,0,,0,0,0,0
5,32,3,8,16,0,0,2,,1:7,1,1,5,0,,0,0,0,0
5,32,3,8,16,0,0,2,,1:14,1,1,5,0,,0,0,0,0
5,32,3,8,16,0,0,2,,2:10,1,1,4,0,,0,0,0,0
5,32,3,8,16,0,0,2,,3:9,1,1,4,0,,0,0,0,0
5,32,3,8,16,0,0,2,,3:10,1,1,4,0,,0,0,0,0
5,32,3,8,16,0,0,2,,3:11,1,1,4,0,,0,0,0,0
5,32,3,8,16,0,0,2,,3:29,1,1,6,0,,0,0,0,0
5,32,3,8,16,0,0,2,,3:31,1,1,8,0,,0,0,0,0
5,32,3,8,16,0,0,2,,4:14,1,1,4,0,,0,0,0,0
5,32,3,8,16,0,0,2,,4:27,1,1,5,0,,0,0,0,0
5,32,3,8,16,0,0,2,,5:25,1,1,5,0,,0,0,0,0
5,32,3,8,16,0,0,2,,6:15,1,1,6,0,,0,0,0,0
5,32,3,8,16,0,0,2,,6:20,1,1,4,0,,0,0,0,0
5,32,3,8,16,0,0,2,,7:10,1,1,7,0,,0,0,0,0
5,32,3,8,16,0,0,2,,7:17,1,1,7,0,,0,0,0,0
5,32,3,8,16,0,0,2,,9:19,1,1,5,0,,0,0,0,0
5,32,3,8,16,0,0,2,,10:12,1,1,3,0,,0,0,0,0
5,32,3,8,16,0,0,2,,11:18,1,1,5,0,,0,0,0,0
5,32,3,8,16,0,0,2,,12:23,1,1,7,0,,0,0,0,0
5,32,3,8,16,0,0,2,,12:25,1,1,4,0,,0,0,0,0
5,32,3,8,16,0,0,2,,13:28,1,1,4,0,,0,0,0,0
5,32,3,8,16,0,0,2,,14:28,1,1,4,0,,0,0,0,0
5,32,3,8,16,0,0,2,,15:18,1,1,7,0,,0,0,0,0
5,32,3,8,16,0,0,2,,18:22,1,1,4,0,,0,0,0,0
5,32,3,8,16,0,0,2,,20:28,1,1,4,0,,0,0,0,0
5,32,3,8,16,0,0,2,,21:23,1,1,6,0,,0,0,0,0
5,32,3,8,16,0,0,2,,22:23,1,1,6,0,,0,0,0,0
5,32,3,8,16,0,0,2,,29:30,1,1,5,0,,0,0,0,0
5,32,3,8,16,1,0,0,,,1,1,0,0,,0,0,0,0
5,32,3,8,16,1,0,1,,0,1,1,2,0,,0,0,0,0
5,32,3,8,16,1,0,1,,2,1,1,3,0,,0,0,0,0
5,32,3,8,16,1,0,1,,3,1,1,2,0,,0,0,0,0
5,32,3,8,16,1,0,1,,4,1,1,3,0,,0,0,0,0
5,32,3,8,16,1,0,1,,5,1,1,2,0,,0,0,0,0
5,32,3,8,16,1,0,1,,6,1,1,5,0,,0,0,0,0
5,32,3,8,16,1,0,1,,7,1,1,3,0,,0,0,0,0
5,32,3,8,16,1,0,1,,8,1,1,2,0,,0,0,0,0
5,32,3,8,16,1,0,1,,10,1,1,3,0,,0,0,0,0
5,32,3,8,16,1,0,1,,11,1,1,2,0,,0,0,0,0
5,32,3,8,16,1,0,1,,12,1,1,3,0,,0,0,0,0
5,32,3,8,16,1,0,1,,13,1,1,2,0,,0,0,0,0
5,32,3,8,16,1,0,1,,14,1,1,5,0,,0,0,0,0
5,32,3,8,16,1,0,1,,15,1,1,3,0,,0,0,0,0
5,32,3,8,16,1,0,1,,16,1,1,2,0,,0,0,0,0
5,32,3,8,16,1,0,1,,18,1,1,3,0,,0,0,0,0
5,32,3,8,16,1,0,1,,19,1,1,2,0,,0,0,0,0
5,32,3,8,16,1,0,1,,20,1,1,3,0,,0,0,0,0
5,32,3,8,16,1,0,1,,21,1,1,2,0,,0,0,0,0
5,32,3,8,16,1,0,1,,22,1,1,5,0,,0,0,0,0
5,32,3,8,16,1,0,1,,23,1,1,3,0,,0,0,0,0
5,32,3,8,16,1,0,1,,24,1,1,2,0,,0,0,0,0
5,32,3,8,16,1,0,1,,26,1,1,3,0,,0,0,0,0
5,32,3,8,16,1,0,1,,27,1,1,2,0,,0,0,0,0
5,32,3,8,16,1,0,1,,28,1,1,3,0,,0,0,0,0
5,32,3,8,16,1,0,1,,29,1,1,2,0,,0,0,0,0
5,32,3,8,16,1,0,1,,30,1,1,5,0,,0,0,0,0
5,32,3,8,16,1,0,1,,31,1,1,3,0,,0,0,0,0
5,32,3,8,16,1,0,2,,0:13,1,1,4,0,,0,0,0,0
5,32,3,8,16,1,0,2,,0:22,1,1,7,0,,0,0,0,0
5,32,3,8,16,1,0,2,,2:5,1,1,5,0,,0,0,0,0
5,32,3,8,16,1,0,2,,2:10,1,1,4,0,,0,0,0,0
5,32,3,8,16,1,0,2,,2:15,1,1,6,0,,0,0,0,0
5,32,3,8,16,1,0,2,,2:30,1,1,8,0,,0,0,0,0
5,32,3,8,16,1,0,2,,3:22,1,1,7,0,,0,0,0,0
5,32,3,8,16,1,0,2,,4:15,1,1,6,0,,0,0,0,0
5,32,3,8,16,1,0,2,,5:7,1,1,4,0,,0,0,0,0
5,32,3,8,16,1,0,2,,5:28,1,1,5,0,,0,0,0,0
5,32,3,8,16,1,0,2,,5:31,1,1,5,0,,0,0,0,0
5,32,3,8,16,1,0,2,,6:14,1,1,8,0,,0,0,0,0
5,32,3,8,16,1,0,2,,6:29,1,1,7,0,,0,0,0,0
5,32,3,8,16,1,0,2,,7:15,1,1,4,0,,0,0,0,0
5,32,3,8,16,1,0,2,,7:26,1,1,6,0,,0,0,0,0
5,32,3,8,16,1,0,2,,7:27,1,1,5,0,,0,0,0,0
5,32,3,8,16,1,0,2,,8:12,1,1,4,0,,0,0,0,0
5,32,3,8,16,1,0,2,,11:16,1,1,4,0,,0,0,0,0
5,32,3,8,16,1,0,2,,12:16,1,1,5,0,,0,0,0,0
5,32,3,8,16,1,0,2,,13:15,1,1,4,0,,0,0,0,0
5,32,3,8,16,1,0,2,,13:31,1,1,4,0,,0,0,0,0
5,32,3,8,16,1,0,2,,20:21,1,1,4,0,,0,0,0,0
5,32,3,8,16,1,0,2,,20:22,1,1,6,0,,0,0,0,0
5,32,3,8,16,1,0,2,,20:23,1,1,5,0,,0,0,0,0
5,32,3,8,16,1,0,2,,20:30,1,1,6,0,,0,0,0,0
5,32,3,8,16,1,0,2,,22:23,1,1,6,0,,0,0,0,0
5,32,3,8,16,1,0,2,,26:27,1,1,4,0,,0,0,0,0
5,32,3,8,16,1,0,2,,27:28,1,1,5,0,,0,0,0,0
5,32,3,8,16,1,0,2,,27:30,1,1,5,0,,0,0,0,0
5,32,3,8,16,1,0,2,,28:30,1,1,6,0,,0,0,0,0
5,32,3,8,16,2,0,0,,,1,1,0,0,,0,0,0,0
5,32,3,8,16,2,0,1,,0,1,1,2,0,,0,0,0,0
5,32,3,8,16,2,0,1,,1,1,1,3,0,,0,0,0,0
5,32,3,8,16,2,0,1,,3,1,1,2,0,,0,0,0,0
5,32,3,8,16,2,0,1,,4,1,1,3,0,,0,0,0,0
5,32,3,8,16,2,0,1,,5,1,1,5,0,,0,0,0,0
5,32,3,8,16,2,0,1,,6,1,1,2,0,,0,0,0,0
5,32,3,8,16,2,0,1,,7,1,1,3,0,,0,0,0,0
5,32,3,8,16,2,0,1,,8,1,1,2,0,,0,0,0,0
5,32,3,8,16,2,0,1,,9,1,1,3,0,,0,0,0,0
5,32,3,8,16,2,0,1,,11,1,1,2,0,,0,0,0,0
5,32,3,8,16,2,0,1,,12,1,1,3,0,,0,0,0,0
5,32,3,8,16,2,0,1,,13,1,1,5,0,,0,0,0,0
5,32,3,8,16,2,0,1,,14,1,1,2,0,,0,0,0,0
5,32,3,8,16,2,0,1,,15,1,1,3,0,,0,0,0,0
5,32,3,8,16,2,0,1,,16,1,1,2,0,,0,0,0,0
5,32,3,8,16,2,0,1,,17,1,1,3,0,,0,0,0,0
5,32,3,8,16,2,0,1,,19,1,1,2,0,,0,0,0,0
5,32,3,8,16,2,0,1,,20,1,1,3,0,,0,0,0,0
5,32,3,8,16,2,0,1,,21,1,1,5,0,,0,0,0,0
5,32,3,8,16,2,0,1,,22,1,1,2,0,,0,0,0,0
5,32,3,8,16,2,0,1,,23,1,1,3,0,,0,0,0,0
5,32,3,8,16,2,0,1,,24,1,1,2,0,,0,0,0,0
5,32,3,8,16,2,0,1,,25,1,1,3,0,,0,0,0,0
5,32,3,8,16,2,0,1,,27,1,1,2,0,,0,0,0,0
5,32,3,8,16,2,0,1,,28,1,1,3,0,,0,0,0,0
5,32,3,8,16,2,0,1,,29,1,1,5,0,,0,0,0,0
5,32,3,8,16,2,0,1,,30,1,1,2,0,,0,0,0,0
5,32,3,8,16,2,0,1,,31,1,1,3,0,,0,0,0,0
5,32,3,8,16,2,0,2,,0:3,1,1,3,0,,0,0,0,0
5,32,3,8,16,2,0,2,,0:13,1,1,7,0,,0,0,0,0
5,32,3,8,16,2,0,2,,0:22,1,1,4,0,,0,0,0,0
5,32,3,8,16,2,0,2,,1:30,1,1,5,0,,0,0,0,0
5,32,3,8,16,2,0,2,,3:16,1,1,4,0,,0,0,0,0
5,32,3,8,16,2,0,2,,3:27,1,1,4,0,,0,0,0,0
5,32,3,8,16,2,0,2,,4:9,1,1,6,0,,0,0,0,0
5,32,3,8,16,2,0,2,,4:31,1,1,6,0,,0,0,0,0
5,32,3,8,16,2,0,2,,5:14,1,1,7,0,,0,0,0,0
5,32,3,8,16,2,0,2,,5:23,1,1,6,0,,0,0,0,0
5,32,3,8,16,2,0,2,,6:31,1,1,5,0,,0,0,0,0
5,32,3,8,16,2,0,2,,7:16,1,1,5,0,,0,0,0,0
5,32,3,8,16,2,0,2,,7:23,1,1,4,0,,0,0,0,0
5,32,3,8,16,2,0,2,,8:9,1,1,4,0,,0,0,0,0
5,32,3,8,16,2,0,2,,9:14,1,1,5,0,,0,0,0,0
5,32,3,8,16,2,0,2,,9:28,1,1,6,0,,0,0,0,0
5,32,3,8,16,2,0,2,,11:15,1,1,4,0,,0,0,0,0
5,32,3,8,16,2,0,2,,11:29,1,1,7,0,,0,0,0,0
5,32,3,8,16,2,0,2,,12:28,1,1,4,0,,0,0,0,0
5,32,3,8,16,2,0,2,,15:24,1,1,5,0,,0,0,0,0
5,32,3,8,16,2,0,2,,15:31,1,1,4,0,,0,0,0,0
5,32,3,8,16,2,0,2,,16:30,1,1,4,0,,0,0,0,0
5,32,3,8,16,2,0,2,,17:20,1,1,5,0,,0,0,0,0
5,32,3,8,16,2,0,2,,17:25,1,1,4,0,,0,0,0,0
5,32,3,8,16,2,0,2,,19:29,1,1,7,0,,0,0,0,0
5,32,3,8,16,2,0,2,,19:30,1,1,4,0,,0,0,0,0
5,32,3,8,16,2,0,2,,21:22,1,1,5,0,,0,0,0,0
5,32,3,8,16,2,0,2,,21:30,1,1,7,0,,0,0,0,0
5,32,3,8,16,2,0,2,,25:27,1,1,4,0,,0,0,0,0
5,32,3,8,16,2,0,2,,30:31,1,1,4,0,,0,0,0,0
5,32,3,8,16,3,0,0,,,1,1,0,0,,0,0,0,0
5,32,3,8,16,3,0,1,,0,1,1,3,0,,0,0,0,0
5,32,3,8,16,3,0,1,,1,1,1,2,0,,0,0,0,0
5,32,3,8,16,3,0,1,,2,1,1,2,0,,0,0,0,0
5,32,3,8,16,3,0,1,,4,1,1,5,0,,0,0,0,0
5,32,3,8,16,3,0,1,,5,1,1,3,0,,0,0,0,0
5,32,3,8,16,3,0,1,,6,1,1,3,0,,0,0,0,0
5,32,3,8,16,3,0,1,,7,1,1,2,0,,0,0,0,0
5,32,3,8,16,3,0,1,,8,1,1,3,0,,0,0,0,0
5,32,3,8,16,3,0,1,,9,1,1,2,0,,0,0,0,0
5,32,3,8,16,3,0,1,,10,1,1,2,0,,0,0,0,0
5,32,3,8,16,3,0,1,,12,1,1,5,0,,0,0,0,0
5,32,3,8,16,3,0,1,,13,1,1,3,0,,0,0,0,0
5,32,3,8,16,3,0,1,,14,1,1,3,0,,0,0,0,0
5,32,3,8,16,3,0,1,,15,1,1,2,0,,0,0,0,0
5,32,3,8,16,3,0,1,,16,1,1,3,0,,0,0,0,0
5,32,3,8,16,3,0,1,,17,1,1,2,0,,0,0,0,0
5,32,3,8,16,3,0,1,,18,1,1,2,0,,0,0,0,0
5,32,3,8,16,3,0,1,,20,1,1,5,0,,0,0,0,0
5,32,3,8,16,3,0,1,,21,1,1,3,0,,0,0,0,0
5,32,3,8,16,3,0,1,,22,1,1,3,0,,0,0,0,0
5,32,3,8,16,3,0,1,,23,1,1,2,0,,0,0,0,0
5,32,3,8,16,3,0,1,,24,1,1,3,0,,0,0,0,0
5,32,3,8,16,3,0,1,,25,1,1,2,0,,0,0,0,0
5,32,3,8,16,3,0,1,,26,1,1,2,0,,0,0,0,0
5,32,3,8,16,3,0,1,,28,1,1,5,0,,0,0,0,0
5,32,3,8,16,3,0,1,,29,1,1,3,0,,0,0,0,0
5,32,3,8,16,3,0,1,,30,1,1,3,0,,0,0,0,0
5,32,3,8,16,3,0,1,,31,1,1,2,0,,0,0,0,0
5,32,3,8,16,3,0,2,,0:10,1,1,4,0,,0,0,0,0
5,32,3,8,16,3,0,2,,0:24,1,1,4,0,,0,0,0,0
5,32,3,8,16,3,0,2,,1:13,1,1,4,0,,0,0,0,0
5,32,3,8,16,3,0,2,,1:23,1,1,4,0,,0,0,0,0
5,32,3,8,16,3,0,2,,2:15,1,1,4,0,,0,0,0,0
5,32,3,8,16,3,0,2,,2:18,1,1,4,0,,0,0,0,0
5,32,3,8,16,3,0,2,,2:25,1,1,4,0,,0,0,0,0
5,32,3,8,16,3,0,2,,6:20,1,1,6,0,,0,0,0,0
5,32,3,8,16,3,0,2,,6:26,1,1,5,0,,0,0,0,0
5,32,3,8,16,3,0,2,,7:18,1,1,4,0,,0,0,0,0
5,32,3,8,16,3,0,2,,7:24,1,1,5,0,,0,0,0,0
5,32,3,8,16,3,0,2,,8:14,1,1,5,0,,0,0,0,0
5,32,3,8,16,3,0,2,,8:23,1,1,5,0,,0,0,0,0
5,32,3,8,16,3,0,2,,8:24,1,1,4,0,,0,0,0,0
5,32,3,8,16,3,0,2,,9:13,1,1,4,0,,0,0,0,0
5,32,3,8,16,3,0,2,,9:22,1,1,5,0,,0,0,0,0
5,32,3,8,16,3,0,2,,10:13,1,1,5,0,,0,0,0,0
5,32,3,8,16,3,0,2,,10:28,1,1,7,0,,0,0,0,0
5,32,3,8,16,3,0,2,,13:14,1,1,5,0,,0,0,0,0
5,32,3,8,16,3,0,2,,13:21,1,1,4,0,,0,0,0,0
5,32,3,8,16,3,0,2,,13:30,1,1,6,0,,0,0,0,0
5,32,3,8,16,3,0,2,,14:29,1,1,6,0,,0,0,0,0
5,32,3,8,16,3,0,2,,15:18,1,1,4,0,,0,0,0,0
5,32,3,8,16,3,0,2,,17:26,1,1,4,0,,0,0,0,0
5,32,3,8,16,3,0,2,,18:24,1,1,4,0,,0,0,0,0
5,32,3,8,16,3,0,2,,18:28,1,1,7,0,,0,0,0,0
5,32,3,8,16,3,0,2,,18:31,1,1,4,0,,0,0,0,0
5,32,3,8,16,3,0,2,,22:29,1,1,6,0,,0,0,0,0
5,32,3,8,16,3,0,2,,26:30,1,1,4,0,,0,0,0,0
5,32,3,8,16,3,0,2,,28:30,1,1,6,0,,0,0,0,0
5,32,3,8,16,4,0,0,,,1,1,0,0,,0,0,0,0
5,32,3,8,16,4,0,1,,0,1,1,2,0,,0,0,0,0
5,32,3,8,16,4,0,1,,1,1,1,3,0,,0,0,0,0
5,32,3,8,16,4,0,1,,2,1,1,3,0,,0,0,0,0
5,32,3,8,16,4,0,1,,3,1,1,5,0,,0,0,0,0
5,32,3,8,16,4,0,1,,5,1,1,2,0,,0,0,0,0
5,32,3,8,16,4,0,1,,6,1,1,2,0,,0,0,0,0
5,32,3,8,16,4,0,1,,7,1,1,3,0,,0,0,0,0
5,32,3,8,16,4,0,1,,8,1,1,2,0,,0,0,0,0
5,32,3,8,16,4,0,1,,9,1,1,3,0,,0,0,0,0
5,32,3,8,16,4,0,1,,10,1,1,3,0,,0,0,0,0
5,32,3,8,16,4,0,1,,11,1,1,5,0,,0,0,0,0
5,32,3,8,16,4,0,1,,13,1,1,2,0,,0,0,0,0
5,32,3,8,16,4,0,1,,14,1,1,2,0,,0,0,0,0
5,32,3,8,16,4,0,1,,15,1,1,3,0,,0,0,0,0
5,32,3,8,16,4,0,1,,16,1,1,2,0,,0,0,0,0
5,32,3,8,16,4,0,1,,17,1,1,3,0,,0,0,0,0
5,32,3,8,16,4,0,1,,18,1,1,3,0,,0,0,0,0
5,32,3,8,16,4,0,1,,19,1,1,5,0,,0,0,0,0
5,32,3,8,16,4,0,1,,21,1,1,2,0,,0,0,0,0
5,32,3,8,16,4,0,1,,22,1,1,2,0,,0,0,0,0
5,32,3,8,16,4,0,1,,23,1,1,3,0,,0,0,0,0
5,32,3,8,16,4,0,1,,24,1,1,2,0,,0,0,0,0
5,32,3,8,16,4,0,1,,25,1,1,3,0,,0,0,0,0
5,32,3,8,16,4,0,1,,26,1,1,3,0,,0,0,0,0
5,32,3,8,16,4,0,1,,27,1,1,5,0,,0,0,0,0
5,32,3,8,16,4,0,1,,29,1,1,2,0,,0,0,0,0
5,32,3,8,16,4,0,1,,30,1,1,2,0,,0,0,0,0
5,32,3,8,16,4,0,1,,31,1,1,3,0,,0,0,0,0
5,32,3,8,16,4,0,2,,0:29,1,1,4,0,,0,0,0,0
5,32,3,8,16,4,0,2,,1:7,1,1,5,0,,0,0,0,0
5,32,3,8,16,4,0,2,,1:11,1,1,6,0,,0,0,0,0
5,32,3,8,16,4,0,2,,1:21,1,1,4,0,,0,0,0,0
5,32,3,8,16,4,0,2,,1:26,1,1,6,0,,0,0,0,0
5,32,3,8,16,4,0,2,,1:29,1,1,5,0,,0,0,0,0
5,32,3,8,16,4,0,2,,2:9,1,1,6,0,,0,0,0,0
5,32,3,8,16,4,0,2,,2:23,1,1,6,0,,0,0,0,0
5,32,3,8,16,4,0,2,,2:26,1,1,4,0,,0,0,0,0
5,32,3,8,16,4,0,2,,5:7,1,1,4,0,,0,0,0,0
5,32,3,8,16,4,0,2,,5:21,1,1,4,0,,0,0,0,0
5,32,3,8,16,4,0,2,,5:25,1,1,5,0,,0,0,0,0
5,32,3,8,16,4,0,2,,6:26,1,1,5,0,,0,0,0,0
5,32,3,8,16,4,0,2,,7:21,1,1,4,0,,0,0,0,0
5,32,3,8,16,4,0,2,,7:22,1,1,4,0,,0,0,0,0
5,32,3,8,16,4,0,2,,9:13,1,1,4,0,,0,0,0,0
5,32,3,8,16,4,0,2,,9:22,1,1,5,0,,0,0,0,0
5,32,3,8,16,4,0,2,,9:24,1,1,4,0,,0,0,0,0
5,32,3,8,16,4,0,2,,10:25,1,1,6,0,,0,0,0,0
5,32,3,8,16,4,0,2,,11:14,1,1,5,0,,0,0,0,0
5,32,3,8,16,4,0,2,,11:17,1,1,8,0,,0,0,0,0
5,32,3,8,16,4,0,2,,13:19,1,1,7,0,,0,0,0,0
5,32,3,8,16,4,0,2,,17:29,1,1,4,0,,0,0,0,0
5,32,3,8,16,4,0,2,,18:21,1,1,5,0,,0,0,0,0
5,32,3,8,16,4,0,2,,19:30,1,1,7,0,,0,0,0,0
5,32,3,8,16,4,0,2,,21:24,1,1,4,0,,0,0,0,0
5,32,3,8,16,4,0,2,,21:30,1,1,4,0,,0,0,0,0
5,32,3,8,16,4,0,2,,22:24,1,1,4,0,,0,0,0,0
5,32,3,8,16,4,0,2,,23:25,1,1,6,0,,0,0,0,0
5,32,3,8,16,4,0,2,,27:30,1,1,5,0,,0,0,0,0
5,32,3,8,16,5,0,0,,,1,1,0,0,,0,0,0,0
5,32,3,8,16,5,0,1,,0,1,1,3,0,,0,0,0,0
5,32,3,8,16,5,0,1,,1,1,1,2,0,,0,0,0,0
5,32,3,8,16,5,0,1,,2,1,1,5,0,,0,0,0,0
5,32,3,8,16,5,0,1,,3,1,1,3,0,,0,0,0,0
5,32,3,8,16,5,0,1,,4,1,1,2,0,,0,0,0,0
5,32,3,8,16,5,0,1,,6,1,1,3,0,,0,0,0,0
5,32,3,8,16,5,0,1,,7,1,1,2,0,,0,0,0,0
5,32,3,8,16,5,0,1,,8,1,1,3,0,,0,0,0,0
5,32,3,8,16,5,0,1,,9,1,1,2,0,,0,0,0,0
5,32,3,8,16,5,0,1,,10,1,1,5,0,,0,0,0,0
5,32,3,8,16,5,0,1,,11,1,1,3,0,,0,0,0,0
5,32,3,8,16,5,0,1,,12,1,1,2,0,,0,0,0,0
5,32,3,8,16,5,0,1,,14,1,1,3,0,,0,0,0,0
5,32,3,8,16,5,0,1,,15,1,1,2,0,,0,0,0,0
5,32,3,8,16,5,0,1,,16,1,1,3,0,,0,0,0,0
5,32,3,8,16,5,0,1,,17,1,1,2,0,,0,0,0,0
5,32,3,8,16,5,0,1,,18,1,1,5,0,,0,0,0,0
5,32,3,8,16,5,0,1,,19,1,1,3,0,,0,0,0,0
5,32,3,8,16,5,0,1,,20,1,1,2,0,,0,0,0,0
5,32,3,8,16,5,0,1,,22,1,1,3,0,,0,0,0,0
5,32,3,8,16,5,0,1,,23,1,1,2,0,,0,0,0,0
5,32,3,8,16,5,0,1,,24,1,1,3,0,,0,0,0,0
5,32,3,8,16,5,0,1,,25,1,1,2,0,,0,0,0,0
5,32,3,8,16,5,0,1,,26,1,1,5,0,,0,0,0,0
5,32,3,8,16,5,0,1,,27,1,1,3,0,,0,0,0,0
5,32,3,8,16,5,0,1,,28,1,1,2,0,,0,0,0,0
5,32,3,8,16,5,0,1,,30,1,1,3,0,,0,0,0,0
5,32,3,8,16,5,0,1,,31,1,1,2,0,,0,0,0,0
5,32,3,8,16,5,0,2,,0:4,1,1,4,0,,0,0,0,0
5,32,3,8,16,5,0,2,,0:6,1,1,5,0,,0,0,0,0
5,32,3,8,16,5,0,2,,0:23,1,1,5,0,,0,0,0,0
5,32,3,8,16,5,0,2,,0:25,1,1,5,0,,0,0,0,0
5,32,3,8,16,5,0,2,,1:19,1,1,4,0,,0,0,0,0
5,32,3,8,16,5,0,2,,2:4,1,1,5,0,,0,0,0,0
5,32,3,8,16,5,0,2,,2:8,1,1,6,0,,0,0,0,0
5,32,3,8,16,5,0,2,,2:15,1,1,7,0,,0,0,0,0
5,32,3,8,16,5,0,2,,2:17,1,1,7,0,,0,0,0,0
5,32,3,8,16,5,0,2,,2:19,1,1,6,0,,0,0,0,0
5,32,3,8,16,5,0,2,,3:16,1,1,6,0,,0,0,0,0
5,32,3,8,16,5,0,2,,3:22,1,1,6,0,,0,0,0,0
5,32,3,8,16,5,0,2,,4:6,1,1,4,0,,0,0,0,0
5,32,3,8,16,5,0,2,,4:28,1,1,4,0,,0,0,0,0
5,32,3,8,16,5,0,2,,6:28,1,1,5,0,,0,0,0,0
5,32,3,8,16,5,0,2,,6:30,1,1,4,0,,0,0,0,0
5,32,3,8,16,5,0,2,,7:17,1,1,4,0,,0,0,0,0
5,32,3,8,16,5,0,2,,7:18,1,1,7,0,,0,0,0,0
5,32,3,8,16,5,0,2,,7:22,1,1,4,0,,0,0,0,0
5,32,3,8,16,5,0,2,,8:12,1,1,4,0,,0,0,0,0
5,32,3,8,16,5,0,2,,8:30,1,1,6,0,,0,0,0,0
5,32,3,8,16,5,0,2,,9:11,1,1,4,0,,0,0,0,0
5,32,3,8,16,5,0,2,,9:22,1,1,5,0,,0,0,0,0
5,32,3,8,16,5,0,2,,10:17,1,1,7,0,,0,0,0,0
5,32,3,8,16,5,0,2,,14:17,1,1,5,0,,0,0,0,0
5,32,3,8,16,5,0,2,,14:27,1,1,6,0,,0,0,0,0
5,32,3,8,16,5,0,2,,15:23,1,1,4,0,,0,0,0,0
5,32,3,8,16,5,0,2,,16:18,1,1,6,0,,0,0,0,0
5,32,3,8,16,5,0,2,,16:27,1,1,6,0,,0,0,0,0
5,32,3,8,16,5,0,2,,23:28,1,1,4,0,,0,0,0,0
5,32,3,8,16,6,0,0,,,1,1,0,0,,0,0,0,0
5,32,3,8,16,6,0,1,,0,1,1,3,0,,0,0,0,0
5,32,3,8,16,6,0,1,,1,1,1,5,0,,0,0,0,0
5,32,3,8,16,6,0,1,,2,1,1,2,0,,0,0,0,0
5,32,3,8,16,6,0,1,,3,1,1,3,0,,0,0,0,0
5,32,3,8,16,6,0,1,,4,1,1,2,0,,0,0,0,0
5,32,3,8,16,6,0,1,,5,1,1,3,0,,0,0,0,0
5,32,3,8,16,6,0,1,,7,1,1,2,0,,0,0,0,0
5,32,3,8,16,6,0,1,,8,1,1,3,0,,0,0,0,0
5,32,3,8,16,6,0,1,,9,1,1,5,0,,0,0,0,0
5,32,3,8,16,6,0,1,,10,1,1,2,0,,0,0,0,0
5,32,3,8,16,6,0,1,,11,1,1,3,0,,0,0,0,0
5,32,3,8,16,6,0,1,,12,1,1,2,0,,0,0,0,0
5,32,3,8,16,6,0,1,,13,1,1,3,0,,0,0,0,0
5,32,3,8,16,6,0,1,,15,1,1,2,0,,0,0,0,0
5,32,3,8,16,6,0,1,,16,1,1,3,0,,0,0,0,0
5,32,3,8,16,6,0,1,,17,1,1,5,0,,0,0,0,0
5,32,3,8,16,6,0,1,,18,1,1,2,0,,0,0,0,0
5,32,3,8,16,6,0,1,,19,1,1,3,0,,0,0,0,0
5,32,3,8,16,6,0,1,,20,1,1,2,0,,0,0,0,0
5,32,3,8,16,6,0,1,,21,1,1,3,0,,0,0,0,0
5,32,3,8,16,6,0,1,,23,1,1,2,0,,0,0,0,0
5,32,3,8,16,6,0,1,,24,1,1,3,0,,0,0,0,0
5,32,3,8,16,6,0,1,,25,1,1,5,0,,0,0,0,0
5,32,3,8,16,6,0,1,,26,1,1,2,0,,0,0,0,0
5,32,3,8,16,6,0,1,,27,1,1,3,0,,0,0,0,0
5,32,3,8,16,6,0,1,,28,1,1,2,0,,0,0,0,0
5,32,3,8,16,6,0,1,,29,1,1,3,0,,0,0,0,0
5,32,3,8,16,6,0,1,,31,1,1,2,0,,0,0,0,0
5,32,3,8,16,6,0,2,,0:2,1,1,4,0,,0,0,0,0
5,32,3,8,16,6,0,2,,0:23,1,1,5,0,,0,0,0,0
5,32,3,8,16,6,0,2,,0:29,1,1,6,0,,0,0,0,0
5,32,3,8,16,6,0,2,,1:24,1,1,8,0,,0,0,0,0
5,32,3,8,16,6,0,2,,1:29,1,1,8,0,,0,0,0,0
5,32,3,8,16,6,0,2,,2:15,1,1,4,0,,0,0,0,0
5,32,3,8,16,6,0,2,,3:13,1,1,6,0,,0,0,0,0
5,32,3,8,16,6,0,2,,3:24,1,1,6,0,,0,0,0,0
5,32,3,8,16,6,0,2,,4:18,1,1,4,0,,0,0,0,0
5,32,3,8,16,6,0,2,,5:19,1,1,6,0,,0,0,0,0
5,32,3,8,16,6,0,2,,5:23,1,1,4,0,,0,0,0,0
5,32,3,8,16,6,0,2,,5:28,1,1,5,0,,0,0,0,0
5,32,3,8,16,6,0,2,,8:18,1,1,5,0,,0,0,0,0
5,32,3,8,16,6,0,2,,8:26,1,1,4,0,,0,0,0,0
5,32,3,8,16,6,0,2,,9:17,1,1,8,0,,0,0,0,0
5,32,3,8,16,6,0,2,,10:15,1,1,3,0,,0,0,0,0
5,32,3,8,16,6,0,2,,12:28,1,1,4,0,,0,0,0,0
5,32,3,8,16,6,0,2,,13:16,1,1,6,0,,0,0,0,0
5,32,3,8,16,6,0,2,,13:20,1,1,5,0,,0,0,0,0
5,32,3,8,16,6,0,2,,16:19,1,1,5,0,,0,0,0,0
5,32,3,8,16,6,0,2,,16:23,1,1,5,0,,0,0,0,0
5,32,3,8,16,6,0,2,,16:28,1,1,4,0,,0,0,0,0
5,32,3,8,16,6,0,2,,18:24,1,1,4,0,,0,0,0,0
5,32,3,8,16,6,0,2,,18:26,1,1,4,0,,0,0,0,0
5,32,3,8,16,6,0,2,,18:28,1,1,4,0,,0,0,0,0
5,32,3,8,16,6,0,2,,19:25,1,1,6,0,,0,0,0,0
5,32,3,8,16,6,0,2,,21:31,1,1,4,0,,0,0,0,0
5,32,3,8,16,6,0,2,,25:27,1,1,6,0,,0,0,0,0
5,32,3,8,16,6,0,2,,27:28,1,1,5,0,,0,0,0,0
5,32,3,8,16,6,0,2,,28:29,1,1,4,0,,0,0,0,0
5,32,3,8,16,7,0,0,,,1,1,0,0,,0,0,0,0
5,32,3,8,16,7,0,1,,0,1,1,5,0,,0,0,0,0
5,32,3,8,16,7,0,1,,1,1,1,3,0,,0,0,0,0
5,32,3,8,16,7,0,1,,2,1,1,3,0,,0,0,0,0
5,32,3,8,16,7,0,1,,3,1,1,2,0,,0,0,0,0
5,32,3,8,16,7,0,1,,4,1,1,3,0,,0,0,0,0
5,32,3,8,16,7,0,1,,5,1,1,2,0,,0,0,0,0
5,32,3,8,16,7,0,1,,6,1,1,2,0,,0,0,0,0
5,32,3,8,16,7,0,1,,8,1,1,5,0,,0,0,0,0
5,32,3,8,16,7,0,1,,9,1,1,3,0,,0,0,0,0
5,32,3,8,16,7,0,1,,10,1,1,3,0,,0,0,0,0
5,32,3,8,16,7,0,1,,11,1,1,2,0,,0,0,0,0
5,32,3,8,16,7,0,1,,12,1,1,3,0,,0,0,0,0
5,32,3,8,16,7,0,1,,13,1,1,2,0,,0,0,0,0
5,32,3,8,16,7,0,1,,14,1,1,2,0,,0,0,0,0
5,32,3,8,16,7,0,1,,16,1,1,5,0,,0,0,0,0
5,32,3,8,16,7,0,1,,17,1,1,3,0,,0,0,0,0
5,32,3,8,16,7,0,1,,18,1,1,3,0,,0,0,0,0
5,32,3,8,16,7,0,1,,19,1,1,2,0,,0,0,0,0
5,32,3,8,16,7,0,1,,20,1,1,3,0,,0,0,0,0
5,32,3,8,16,7,0,1,,21,1,1,2,0,,0,0,0,0
5,32,3,8,16,7,0,1,,22,1,1,2,0,,0,0,0,0
5,32,3,8,16,7,0,1,,24,1,1,5,0,,0,0,0,0
5,32,3,8,16,7,0,1,,25,1,1,3,0,,0,0,0,0
5,32,3,8,16,7,0,1,,26,1,1,3,0,,0,0,0,0
5,32,3,8,16,7,0,1,,27,1,1,2,0,,0,0,0,0
5,32,3,8,16,7,0,1,,28,1,1,3,0,,0,0,0,0
5,32,3,8,16,7,0,1,,29,1,1,2,0,,0,0,0,0
5,32,3,8,16,7,0,1,,30,1,1,2,0,,0,0,0,0
5,32,3,8,16,7,0,2,,1:2,1,1,5,0,,0,0,0,0
5,32,3,8,16,7,0,2,,1:10,1,1,6,0,,0,0,0,0
5,32,3,8,16,7,0,2,,2:18,1,1,4,0,,0,0,0,0
5,32,3,8,16,7,0,2,,4:21,1,1,4,0,,0,0,0,0
5,32,3,8,16,7,0,2,,4:22,1,1,4,0,,0,0,0,0
5,32,3,8,16,7,0,2,,5:20,1,1,4,0,,0,0,0,0
5,32,3,8,16,7,0,2,,6:18,1,1,4,0,,0,0,0,0
5,32,3,8,16,7,0,2,,6:26,1,1,5,0,,0,0,0,0
5,32,3,8,16,7,0,2,,8:12,1,1,6,0,,0,0,0,0
5,32,3,8,16,7,0,2,,9:20,1,1,6,0,,0,0,0,0
5,32,3,8,16,7,0,2,,9:26,1,1,6,0,,0,0,0,0
5,32,3,8,16,7,0,2,,11:13,1,1,3,0,,0,0,0,0
5,32,3,8,16,7,0,2,,11:20,1,1,5,0,,0,0,0,0
5,32,3,8,16,7,0,2,,11:21,1,1,4,0,,0,0,0,0
5,32,3,8,16,7,0,2,,12:17,1,1,6,0,,0,0,0,0
5,32,3,8,16,7,0,2,,14:25,1,1,5,0,,0,0,0,0
5,32,3,8,16,7,0,2,,14:26,1,1,4,0,,0,0,0,0
5,32,3,8,16,7,0,2,,16:29,1,1,7,0,,0,0,0,0
5,32,3,8,16,7,0,2,,16:30,1,1,7,0,,0,0,0,0
5,32,3,8,16,7,0,2,,17:19,1,1,4,0,,0,0,0,0
5,32,3,8,16,7,0,2,,17:20,1,1,5,0,,0,0,0,0
5,32,3,8,16,7,0,2,,18:25,1,1,6,0,,0,0,0,0
5,32,3,8,16,7,0,2,,18:29,1,1,5,0,,0,0,0,0
5,32,3,8,16,7,0,2,,19:24,1,1,7,0,,0,0,0,0
5,32,3,8,16,7,0,2,,20:24,1,1,6,0,,0,0,0,0
5,32,3,8,16,7,0,2,,20:26,1,1,6,0,,0,0,0,0
5,32,3,8,16,7,0,2,,22:30,1,1,4,0,,0,0,0,0
5,32,3,8,16,7,0,2,,24:28,1,1,6,0,,0,0,0,0
5,32,3,8,16,7,0,2,,24:29,1,1,5,0,,0,0,0,0
5,32,3,8,16,7,0,2,,29:30,1,1,3,0,,0,0,0,0
5,32,3,8,24,0,0,0,,,1,1,0,0,,0,0,0,0
5,32,3,8,24,0,0,1,,1,1,1,2,0,,0,0,0,0
5,32,3,8,24,0,0,1,,2,1,1,2,0,,0,0,0,0
5,32,3,8,24,0,0,1,,3,1,1,3,0,,0,0,0,0
5,32,3,8,24,0,0,1,,4,1,1,2,0,,0,0,0,0
5,32,3,8,24,0,0,1,,5,1,1,3,0,,0,0,0,0
5,32,3,8,24,0,0,1,,6,1,1,3,0,,0,0,0,0
5,32,3,8,24,0,0,1,,7,1,1,5,0,,0,0,0,0
5,32,3,8,24,0,0,1,,9,1,1,2,0,,0,0,0,0
5,32,3,8,24,0,0,1,,10,1,1,2,0,,0,0,0,0
5,32,3,8,24,0,0,1,,11,1,1,3,0,,0,0,0,0
5,32,3,8,24,0,0,1,,12,1,1,2,0,,0,0,0,0
5,32,3,8,24,0,0,1,,13,1,1,3,0,,0,0,0,0
5,32,3,8,24,0,0,1,,14,1,1,3,0,,0,0,0,0
5,32,3,8,24,0,0,1,,15,1,1,5,0,,0,0,0,0
5,32,3,8,24,0,0,1,,17,1,1,2,0,,0,0,0,0
5,32,3,8,24,0,0,1,,18,1,1,2,0,,0,0,0,0
5,32,3,8,24,0,0,1,,19,1,1,3,0,,0,0,0,0
5,32,3,8,24,0,0,1,,20,1,1,2,0,,0,0,0,0
5,32,3,8,24,0,0,1,,21,1,1,3,0,,0,0,0,0
5,32,3,8,24,0,0,1,,22,1,1,3,0,,0,0,0,0
5,32,3,8,24,0,0,1,,23,1,1,5,0,,0,0,0,0
5,32,3,8,24,0,0,1,,25,1,1,2,0,,0,0,0,0
5,32,3,8,24,0,0,1,,26,1,1,2,0,,0,0,0,0
5,32,3,8,24,0,0,1,,27,1,1,3,0,,0,0,0,0
5,32,3,8,24,0,0,1,,28,1,1,2,0,,0,0,0,0
5,32,3,8,24,0,0,1,,29,1,1,3,0,,0,0,0,0
5,32,3,8,24,0,0,1,,30,1,1,3,0,,0,0,0,0
5,32,3,8,24,0,0,1,,31,1,1,5,0,,0,0,0,0
5,32,3,8,24,0,0,2,,1:5,1,1,4,0,,0,0,0,0
5,32,3,8,24,0,0,2,,1:31,1,1,7,0,,0,0,0,0
5,32,3,8,24,0,0,2,,2:26,1,1,4,0,,0,0,0,0
5,32,3,8,24,0,0,2,,3:29,1,1,6,0,,0,0,0,0
5,32,3,8,24,0,0,2,,4:31,1,1,7,0,,0,0,0,0
5,32,3,8,24,0,0,2,,5:9,1,1,4,0,,0,0,0,0
5,32,3,8,24,0,0,2,,5:25,1,1,5,0,,0,0,0,0
5,32,3,8,24,0,0,2,,6:17,1,1,5,0,,0,0,0,0
5,32,3,8,24,0,0,2,,6:23,1,1,6,0,,0,0,0,0
5,32,3,8,24,0,0,2,,7:22,1,1,6,0,,0,0,0,0
5,32,3,8,24,0,0,2,,9:15,1,1,5,0,,0,0,0,0
5,32,3,8,24,0,0,2,,9:26,1,1,4,0,,0,0,0,0
5,32,3,8,24,0,0,2,,11:30,1,1,6,0,,0,0,0,0
5,32,3,8,24,0,0,2,,12:18,1,1,4,0,,0,0,0,0
5,32,3,8,24,0,0,2,,12:19,1,1,5,0,,0,0,0,0
5,32,3,8,24,0,0,2,,12:28,1,1,4,0,,0,0,0,0
5,32,3,8,24,0,0,2,,13:17,1,1,5,0,,0,0,0,0
5,32,3,8,24,0,0,2,,13:20,1,1,5,0,,0,0,0,0
5,32,3,8,24,0,0,2,,13:27,1,1,6,0,,0,0,0,0
5,32,3,8,24,0,0,2,,14:26,1,1,4,0,,0,0,0,0
5,32,3,8,24,0,0,2,,14:27,1,1,6,0,,0,0,0,0
5,32,3,8,24,0,0,2,,14:29,1,1,6,0,,0,0,0,0
5,32,3,8,24,0,0,2,,15:20,1,1,7,0,,0,0,0,0
5,32,3,8,24,0,0,2,,18:31,1,1,7,0,,0,0,0,0
5,32,3,8,24,0,0,2,,19:27,1,1,4,0,,0,0,0,0
5,32,3,8,24,0,0,2,,22:29,1,1,6,0,,0,0,0,0
5,32,3,8,24,0,0,2,,23:28,1,1,7,0,,0,0,0,0
5,32,3,8,24,0,0,2,,25:30,1,1,5,0,,0,0,0,0
5,32,3,8,24,0,0,2,,26:27,1,1,4,0,,0,0,0,0
5,32,3,8,24,0,0,2,,28:29,1,1,4,0,,0,0,0,0
5,32,3,8,24,1,0,0,,,1,1,0,0,,0,0,0,0
5,32,3,8,24,1,0,1,,0,1,1,2,0,,0,0,0,0
5,32,3,8,24,1,0,1,,2,1,1,3,0,,0,0,0,0
5,32,3,8,24,1,0,1,,3,1,1,2,0,,0,0,0,0
5,32,3,8,24,1,0,1,,4,1,1,3,0,,0,0,0,0
5,32,3,8,24,1,0,1,,5,1,1,2,0,,0,0,0,0
5,32,3,8,24,1,0,1,,6,1,1,5,0,,0,0,0,0
5,32,3,8,24,1,0,1,,7,1,1,3,0,,0,0,0,0
5,32,3,8,24,1,0,1,,8,1,1,2,0,,0,0,0,0
5,32,3,8,24,1,0,1,,10,1,1,3,0,,0,0,0,0
5,32,3,8,24,1,0,1,,11,1,1,2,0,,0,0,0,0
5,32,3,8,24,1,0,1,,12,1,1,3,0,,0,0,0,0
5,32,3,8,24,1,0,1,,13,1,1,2,0,,0,0,0,0
5,32,3,8,24,1,0,1,,14,1,1,5,0,,0,0,0,0
5,32,3,8,24,1,0,1,,15,1,1,3,0,,0,0,0,0
5,32,3,8,24,1,0,1,,16,1,1,2,0,,0,0,0,0
5,32,3,8,24,1,0,1,,18,1,1,3,0,,0,0,0,0
5,32,3,8,24,1,0,1,,19,1,1,2,0,,0,0,0,0
5,32,3,8,24,1,0,1,,20,1,1,3,0,,0,0,0,0
5,32,3,8,24,1,0,1,,21,1,1,2,0,,0,0,0,0
5,32,3,8,24,1,0,1,,22,1,1,5,0,,0,0,0,0
5,32,3,8,24,1,0,1,,23,1,1,3,0,,0,0,0,0
5,32,3,8,24,1,0,1,,24,1,1,2,0,,0,0,0,0
5,32,3,8,24,1,0,1,,26,1,1,3,0,,0,0,0,0
5,32,3,8,24,1,0,1,,27,1,1,2,0,,0,0,0,0
5,32,3,8,24,1,0,1,,28,1,1,3,0,,0,0,0,0
5,32,3,8,24,1,0,1,,29,1,1,2,0,,0,0,0,0
5,32,3,8,24,1,0,1,,30,1,1,5,0,,0,0,0,0
5,32,3,8,24,1,0,1,,31,1,1,3,0,,0,0,0,0
5,32,3,8,24,1,0,2,,0:7,1,1,5,0,,0,0,0,0
5,32,3,8,24,1,0,2,,2:5,1,1,5,0,,0,0,0,0
5,32,3,8,24,1,0,2,,3:7,1,1,4,0,,0,0,0,0
5,32,3,8,24,1,0,2,,3:11,1,1,4,0,,0,0,0,0
5,32,3,8,24,1,0,2,,3:12,1,1,5,0,,0,0,0,0
5,32,3,8,24,1,0,2,,3:31,1,1,5,0,,0,0,0,0
5,32,3,8,24,1,0,2,,4:28,1,1,4,0,,0,0,0,0
5,32,3,8,24,1,0,2,,5:12,1,1,4,0,,0,0,0,0
5,32,3,8,24,1,0,2,,5:13,1,1,4,0,,0,0,0,0
5,32,3,8,24,1,0,2,,5:20,1,1,4,0,,0,0,0,0
5,32,3,8,24,1,0,2,,5:23,1,1,4,0,,0,0,0,0
5,32,3,8,24,1,0,2,,6:18,1,1,6,0,,0,0,0,0
5,32,3,8,24,1,0,2,,6:19,1,1,7,0,,0,0,0,0
5,32,3,8,24,1,0,2,,6:20,1,1,6,0,,0,0,0,0
5,32,3,8,24,1,0,2,,7:16,1,1,5,0,,0,0,0,0
5,32,3,8,24,1,0,2,,11:13,1,1,3,0,,0,0,0,0
5,32,3,8,24,1,0,2,,11:27,1,1,4,0,,0,0,0,0
5,32,3,8,24,1,0,2,,12:20,1,1,4,0,,0,0,0,0
5,32,3,8,24,1,0,2,,13:20,1,1,5,0,,0,0,0,0
5,32,3,8,24,1,0,2,,13:24,1,1,4,0,,0,0,0,0
5,32,3,8,24,1,0,2,,15:16,1,1,5,0,,0,0,0,0
5,32,3,8,24,1,0,2,,15:27,1,1,4,0,,0,0,0,0
5,32,3,8,24,1,0,2,,15:29,1,1,4,0,,0,0,0,0
5,32,3,8,24,1,0,2,,16:31,1,1,5,0,,0,0,0,0
5,32,3,8,24,1,0,2,,19:23,1,1,4,0,,0,0,0,0
5,32,3,8,24,1,0,2,,22:23,1,1,6,0,,0,0,0,0
5,32,3,8,24,1,0,2,,23:29,1,1,4,0,,0,0,0,0
5,32,3,8,24,1,0,2,,23:30,1,1,6,0,,0,0,0,0
5,32,3,8,24,1,0,2,,24:31,1,1,5,0,,0,0,0,0
5,32,3,8,24,1,0,2,,26:28,1,1,5,0,,0,0,0,0
5,32,3,8,24,2,0,0,,,1,1,0,0,,0,0,0,0
5,32,3,8,24,2,0,1,,0,1,1,2,0,,0,0,0,0
5,32,3,8,24,2,0,1,,1,1,1,3,0,,0,0,0,0
5,32,3,8,24,2,0,1,,3,1,1,2,0,,0,0,0,0
5,32,3,8,24,2,0,1,,4,1,1,3,0,,0,0,0,0
5,32,3,8,24,2,0,1,,5,1,1,5,0,,0,0,0,0
5,32,3,8,24,2,0,1,,6,1,1,2,0,,0,0,0,0
5,32,3,8,24,2,0,1,,7,1,1,3,0,,0,0,0,0
5,32,3,8,24,2,0,1,,8,1,1,2,0,,0,0,0,0
5,32,3,8,24,2,0,1,,9,1,1,3,0,,0,0,0,0
5,32,3,8,24,2,0,1,,11,1,1,2,0,,0,0,0,0
5,32,3,8,24,2,0,1,,12,1,1,3,0,,0,0,0,0
5,32,3,8,24,2,0,1,,13,1,1,5,0,,0,0,0,0
5,32,3,8,24,2,0,1,,14,1,1,2,0,,0,0,0,0
5,32,3,8,24,2,0,1,,15,1,1,3,0,,0,0,0,0
5,32,3,8,24,2,0,1,,16,1,1,2,0,,0,0,0,0
5,32,3,8,24,2,0,1,,17,1,1,3,0,,0,0,0,0
5,32,3,8,24,2,0,1,,19,1,1,2,0,,0,0,0,0
5,32,3,8,24,2,0,1,,20,1,1,3,0,,0,0,0,0
5,32,3,8,24,2,0,1,,21,1,1,5,0,,0,0,0,0
5,32,3,8,24,2,0,1,,22,1,1,2,0,,0,0,0,0
5,32,3,8,24,2,0,1,,23,1,1,3,0,,0,0,0,0
5,32,3,8,24,2,0,1,,24,1,1,2,0,,0,0,0,0
5,32,3,8,24,2,0,1,,25,1,1,3,0,,0,0,0,0
5,32,3,8,24,2,0,1,,27,1,1,2,0,,0,0,0,0
5,32,3,8,24,2,0,1,,28,1,1,3,0,,0,0,0,0
5,32,3,8,24,2,0,1,,29,1,1,5,0,,0,0,0,0
5,32,3,8,24,2,0,1,,30,1,1,2,0,,0,0,0,0
5,32,3,8,24,2,0,1,,31,1,1,3,0,,0,0,0,0
5,32,3,8,24,2,0,2,,0:14,1,1,4,0,,0,0,0,0
5,32,3,8,24,2,0,2,,0:16,1,1,4,0,,0,0,0,0
5,32,3,8,24,2,0,2,,1:29,1,1,8,0,,0,0,0,0
5,32,3,8,24,2,0,2,,3:16,1,1,4,0,,0,0,0,0
5,32,3,8,24,2,0,2,,3:31,1,1,5,0,,0,0,0,0
5,32,3,8,24,2,0,2,,4:5,1,1,6,0,,0,0,0,0
5,32,3,8,24,2,0,2,,4:12,1,1,4,0,,0,0,0,0
5,32,3,8,24,2,0,2,,4:21,1,1,6,0,,0,0,0,0
5,32,3,8,24,2,0,2,,4:23,1,1,6,0,,0,0,0,0
5,32,3,8,24,2,0,2,,5:22,1,1,7,0,,0,0,0,0
5,32,3,8,24,2,0,2,,5:28,1,1,8,0,,0,0,0,0
5,32,3,8,24,2,0,2,,6:30,1,1,4,0,,0,0,0,0
5,32,3,8,24,2,0,2,,6:31,1,1,5,0,,0,0,0,0
5,32,3,8,24,2,0,2,,7:12,1,1,6,0,,0,0,0,0
5,32,3,8,24,2,0,2,,8:20,1,1,5,0,,0,0,0,0
5,32,3,8,24,2,0,2,,8:25,1,1,4,0,,0,0,0,0
5,32,3,8,24,2,0,2,,9:11,1,1,4,0,,0,0,0,0
5,32,3,8,24,2,0,2,,12:21,1,1,8,0,,0,0,0,0
5,32,3,8,24,2,0,2,,12:27,1,1,5,0,,0,0,0,0
5,32,3,8,24,2,0,2,,13:31,1,1,6,0,,0,0,0,0
5,32,3,8,24,2,0,2,,14:24,1,1,4,0,,0,0,0,0
5,32,3,8,24,2,0,2,,15:25,1,1,6,0,,0,0,0,0
5,32,3,8,24,2,0,2,,16:19,1,1,3,0,,0,0,0,0
5,32,3,8,24,2,0,2,,16:28,1,1,4,0,,0,0,0,0
5,32,3,8,24,2,0,2,,16:29,1,1,7,0,,0,0,0,0
5,32,3,8,24,2,0,2,,17:30,1,1,5,0,,0,0,0,0
5,32,3,8,24,2,0,2,,20:30,1,1,4,0,,0,0,0,0
5,32,3,8,24,2,0,2,,25:29,1,1,6,0,,0,0,0,0
5,32,3,8,24,2,0,2,,25:31,1,1,5,0,,0,0,0,0
5,32,3,8,24,2,0,2,,29:31,1,1,6,0,,0,0,0,0
5,32,3,8,24,3,0,0,,,1,1,0,0,,0,0,0,0
5,32,3,8,24,3,0,1,,0,1,1,3,0,,0,0,0,0
5,32,3,8,24,3,0,1,,1,1,1,2,0,,0,0,0,0
5,32,3,8,24,3,0,1,,2,1,1,2,0,,0,0,0,0
5,32,3,8,24,3,0,1,,4,1,1,5,0,,0,0,0,0
5,32,3,8,24,3,0,1,,5,1,1,3,0,,0,0,0,0
5,32,3,8,24,3,0,1,,6,1,1,3,0,,0,0,0,0
5,32,3,8,24,3,0,1,,7,1,1,2,0,,0,0,0,0
5,32,3,8,24,3,0,1,,8,1,1,3,0,,0,0,0,0
5,32,3,8,24,3,0,1,,9,1,1,2,0,,0,0,0,0
5,32,3,8,24,3,0,1,,10,1,1,2,0,,0,0,0,0
5,32,3,8,24,3,0,1,,12,1,1,5,0,,0,0,0,0
5,32,3,8,24,3,0,1,,13,1,1,3,0,,0,0,0,0
5,32,3,8,24,3,0,1,,14,1,1,3,0,,0,0,0,0
5,32,3,8,24,3,0,1,,15,1,1,2,0,,0,0,0,0
5,32,3,8,24,3,0,1,,16,1,1,3,0,,0,0,0,0
5,32,3,8,24,3,0,1,,17,1,1,2,0,,0,0,0,0
5,32,3,8,24,3,0,1,,18,1,1,2,0,,0,0,0,0
5,32,3,8,24,3,0,1,,20,1,1,5,0,,0,0,0,0
5,32,3,8,24,3,0,1,,21,1,1,3,0,,0,0,0,0
5,32,3,8,24,3,0,1,,22,1,1,3,0,,0,0,0,0
5,32,3,8,24,3,0,1,,23,1,1,2,0,,0,0,0,0
5,32,3,8,24,3,0,1,,24,1,1,3,0,,0,0,0,0
5,32,3,8,24,3,0,1,,25,1,1,2,0,,0,0,0,0
5,32,3,8,24,3,0,1,,26,1,1,2,0,,0,0,0,0
5,32,3,8,24,3,0,1,,28,1,1,5,0,,0,0,0,0
5,32,3,8,24,3,0,1,,29,1,1,3,0,,0,0,0,0
5,32,3,8,24,3,0,1,,30,1,1,3,0,,0,0,0,0
5,32,3,8,24,3,0,1,,31,1,1,2,0,,0,0,0,0
5,32,3,8,24,3,0,2,,0:31,1,1,5,0,,0,0,0,0
5,32,3,8,24,3,0,2,,1:5,1,1,4,0,,0,0,0,0
5,32,3,8,24,3,0,2,,1:12,1,1,7,0,,0,0,0,0
5,32,3,8,24,3,0,2,,1:29,1,1,5,0,,0,0,0,0
5,32,3,8,24,3,0,2,,2:23,1,1,4,0,,0,0,0,0
5,32,3,8,24,3,0,2,,4:15,1,1,7,0,,0,0,0,0
5,32,3,8,24,3,0,2,,5:24,1,1,6,0,,0,0,0,0
5,32,3,8,24,3,0,2,,6:12,1,1,6,0,,0,0,0,0
5,32,3,8,24,3,0,2,,6:31,1,1,5,0,,0,0,0,0
5,32,3,8,24,3,0,2,,7:10,1,1,4,0,,0,0,0,0
5,32,3,8,24,3,0,2,,8:21,1,1,6,0,,0,0,0,0
5,32,3,8,24,3,0,2,,8:28,1,1,6,0,,0,0,0,0
5,32,3,8,24,3,0,2,,9:29,1,1,4,0,,0,0,0,0
5,32,3,8,24,3,0,2,,10:25,1,1,4,0,,0,0,0,0
5,32,3,8,24,3,0,2,,10:30,1,1,4,0,,0,0,0,0
5,32,3,8,24,3,0,2,,12:26,1,1,7,0,,0,0,0,0
5,32,3,8,24,3,0,2,,13:15,1,1,4,0,,0,0,0,0
5,32,3,8,24,3,0,2,,13:18,1,1,5,0,,0,0,0,0
5,32,3,8,24,3,0,2,,13:23,1,1,5,0,,0,0,0,0
5,32,3,8,24,3,0,2,,14:22,1,1,4,0,,0,0,0,0
5,32,3,8,24,3,0,2,,14:28,1,1,6,0,,0,0,0,0
5,32,3,8,24,3,0,2,,14:29,1,1,6,0,,0,0,0,0
5,32,3,8,24,3,0,2,,15:21,1,1,5,0,,0,0,0,0
5,32,3,8,24,3,0,2,,16:23,1,1,5,0,,0,0,0,0
5,32,3,8,24,3,0,2,,16:31,1,1,5,0,,0,0,0,0
5,32,3,8,24,3,0,2,,22:23,1,1,4,0,,0,0,0,0
5,32,3,8,24,3,0,2,,22:28,1,1,6,0,,0,0,0,0
5,32,3,8,24,3,0,2,,23:28,1,1,7,0,,0,0,0,0
5,32,3,8,24,3,0,2,,23:29,1,1,4,0,,0,0,0,0
5,32,3,8,24,3,0,2,,24:31,1,1,5,0,,0,0,0,0
5,32,3,8,24,4,0,0,,,1,1,0,0,,0,0,0,0
5,32,3,8,24,4,0,1,,0,1,1,2,0,,0,0,0,0
5,32,3,8,24,4,0,1,,1,1,1,3,0,,0,0,0,0
5,32,3,8,24,4,0,1,,2,1,1,3,0,,0,0,0,0
5,32,3,8,24,4,0,1,,3,1,1,5,0,,0,0,0,0
5,32,3,8,24,4,0,1,,5,1,1,2,0,,0,0,0,0
5,32,3,8,24,4,0,1,,6,1,1,2,0,,0,0,0,0
5,32,3,8,24,4,0,1,,7,1,1,3,0,,0,0,0,0
5,32,3,8,24,4,0,1,,8,1,1,2,0,,0,0,0,0
5,32,3,8,24,4,0,1,,9,1,1,3,0,,0,0,0,0
5,32,3,8,24,4,0,1,,10,1,1,3,0,,0,0,0,0
5,32,3,8,24,4,0,1,,11,1,1,5,0,,0,0,0,0
5,32,3,8,24,4,0,1,,13,1,1,2,0,,0,0,0,0
5,32,3,8,24,4,0,1,,14,1,1,2,0,,0,0,0,0
5,32,3,8,24,4,0,1,,15,1,1,3,0,,0,0,0,0
5,32,3,8,24,4,0,1,,16,1,1,2,0,,0,0,0,0
5,32,3,8,24,4,0,1,,17,1,1,3,0,,0,0,0,0
5,32,3,8,24,4,0,1,,18,1,1,3,0,,0,0,0,0
5,32,3,8,24,4,0,1,,19,1,1,5,0,,0,0,0,0
5,32,3,8,24,4,0,1,,21,1,1,2,0,,0,0,0,0
5,32,3,8,24,4,0,1,,22,1,1,2,0,,0,0,0,0
5,32,3,8,24,4,0,1,,23,1,1,3,0,,0,0,0,0
5,32,3,8,24,4,0,1,,24,1,1,2,0,,0,0,0,0
5,32,3,8,24,4,0,1,,25,1,1,3,0,,0,0,0,0
5,32,3,8,24,4,0,1,,26,1,1,3,0,,0,0,0,0
5,32,3,8,24,4,0,1,,27,1,1,5,0,,0,0,0,0
5,32,3,8,24,4,0,1,,29,1,1,2,0,,0,0,0,0
5,32,3,8,24,4,0,1,,30,1,1,2,0,,0,0,0,0
5,32,3,8,24,4,0,1,,31,1,1,3,0,,0,0,0,0
5,32,3,8,24,4,0,2,,0:5,1,1,3,0,,0,0,0,0
5,32,3,8,24,4,0,2,,0:11,1,1,7,0,,0,0,0,0
5,32,3,8,24,4,0,2,,0:14,1,1,4,0,,0,0,0,0
5,32,3,8,24,4,0,2,,1:3,1,1,6,0,,0,0,0,0
5,32,3,8,24,4,0,2,,1:27,1,1,8,0,,0,0,0,0
5,32,3,8,24,4,0,2,,2:7,1,1,5,0,,0,0,0,0
5,32,3,8,24,4,0,2,,3:29,1,1,7,0,,0,0,0,0
5,32,3,8,24,4,0,2,,5:10,1,1,5,0,,0,0,0,0
5,32,3,8,24,4,0,2,,5:16,1,1,4,0,,0,0,0,0
5,32,3,8,24,4,0,2,,5:24,1,1,4,0,,0,0,0,0
5,32,3,8,24,4,0,2,,7:10,1,1,6,0,,0,0,0,0
5,32,3,8,24,4,0,2,,7:22,1,1,4,0,,0,0,0,0
5,32,3,8,24,4,0,2,,8:14,1,1,3,0,,0,0,0,0
5,32,3,8,24,4,0,2,,8:22,1,1,4,0,,0,0,0,0
5,32,3,8,24,4,0,2,,9:25,1,1,4,0,,0,0,0,0
5,32,3,8,24,4,0,2,,11:22,1,1,7,0,,0,0,0,0
5,32,3,8,24,4,0,2,,11:23,1,1,8,0,,0,0,0,0
5,32,3,8,24,4,0,2,,11:30,1,1,7,0,,0,0,0,0
5,32,3,8,24,4,0,2,,13:16,1,1,4,0,,0,0,0,0
5,32,3,8,24,4,0,2,,13:18,1,1,5,0,,0,0,0,0
5,32,3,8,24,4,0,2,,14:16,1,1,4,0,,0,0,0,0
5,32,3,8,24,4,0,2,,16:25,1,1,4,0,,0,0,0,0
5,32,3,8,24,4,0,2,,16:26,1,1,4,0,,0,0,0,0
5,32,3,8,24,4,0,2,,16:30,1,1,4,0,,0,0,0,0
5,32,3,8,24,4,0,2,,18:21,1,1,5,0,,0,0,0,0
5,32,3,8,24,4,0,2,,18:25,1,1,6,0,,0,0,0,0
5,32,3,8,24,4,0,2,,19:21,1,1,5,0,,0,0,0,0
5,32,3,8,24,4,0,2,,21:31,1,1,4,0,,0,0,0,0
5,32,3,8,24,4,0,2,,22:31,1,1,4,0,,0,0,0,0
5,32,3,8,24,4,0,2,,24:30,1,1,3,0,,0,0,0,0
5,32,3,8,24,5,0,0,,,1,1,0,0,,0,0,0,0
5,32,3,8,24,5,0,1,,0,1,1,3,0,,0,0,0,0
5,32,3,8,24,5,0,1,,1,1,1,2,0,,0,0,0,0
5,32,3,8,24,5,0,1,,2,1,1,5,0,,0,0,0,0
5,32,3,8,24,5,0,1,,3,1,1,3,0,,0,0,0,0
5,32,3,8,24,5,0,1,,4,1,1,2,0,,0,0,0,0
5,32,3,8,24,5,0,1,,6,1,1,3,0,,0,0,0,0
5,32,3,8,24,5,0,1,,7,1,1,2,0,,0,0,0,0
5,32,3,8,24,5,0,1,,8,1,1,3,0,,0,0,0,0
5,32,3,8,24,5,0,1,,9,1,1,2,0,,0,0,0,0
5,32,3,8,24,5,0,1,,10,1,1,5,0,,0,0,0,0
5,32,3,8,24,5,0,1,,11,1,1,3,0,,0,0,0,0
5,32,3,8,24,5,0,1,,12,1,1,2,0,,0,0,0,0
5,32,3,8,24,5,0,1,,14,1,1,3,0,,0,0,0,0
5,32,3,8,24,5,0,1,,15,1,1,2,0,,0,0,0,0
5,32,3,8,24,5,0,1,,16,1,1,3,0,,0,0,0,0
5,32,3,8,24,5,0,1,,17,1,1,2,0,,0,0,0,0
5,32,3,8,24,5,0,1,,18,1,1,5,0,,0,0,0,0
5,32,3,8,24,5,0,1,,19,1,1,3,0,,0,0,0,0
5,32,3,8,24,5,0,1,,20,1,1,2,0,,0,0,0,0
5,32,3,8,24,5,0,1,,22,1,1,3,0,,0,0,0,0
5,32,3,8,24,5,0,1,,23,1,1,2,0,,0,0,0,0
5,32,3,8,24,5,0,1,,24,1,1,3,0,,0,0,0,0
5,32,3,8,24,5,0,1,,25,1,1,2,0,,0,0,0,0
5,32,3,8,24,5,0,1,,26,1,1,5,0,,0,0,0,0
5,32,3,8,24,5,0,1,,27,1,1,3,0,,0,0,0,0
5,32,3,8,24,5,0,1,,28,1,1,2,0,,0,0,0,0
5,32,3,8,24,5,0,1,,30,1,1,3,0,,0,0,0,0
5,32,3,8,24,5,0,1,,31,1,1,2,0,,0,0,0,0
5,32,3,8,24,5,0,2,,0:15,1,1,5,0,,0,0,0,0
5,32,3,8,24,5,0,2,,0:22,1,1,6,0,,0,0,0,0
5,32,3,8,24,5,0,2,,1:9,1,1,4,0,,0,0,0,0
5,32,3,8,24,5,0,2,,1:23,1,1,4,0,,0,0,0,0
5,32,3,8,24,5,0,2,,1:28,1,1,4,0,,0,0,0,0
5,32,3,8,24,5,0,2,,1:30,1,1,5,0,,0,0,0,0
5,32,3,8,24,5,0,2,,2:22,1,1,6,0,,0,0,0,0
5,32,3,8,24,5,0,2,,3:4,1,1,5,0,,0,0,0,0
5,32,3,8,24,5,0,2,,3:20,1,1,5,0,,0,0,0,0
5,32,3,8,24,5,0,2,,6:12,1,1,4,0,,0,0,0,0
5,32,3,8,24,5,0,2,,7:20,1,1,4,0,,0,0,0,0
5,32,3,8,24,5,0,2,,7:26,1,1,7,0,,0,0,0,0
5,32,3,8,24,5,0,2,,10:15,1,1,5,0,,0,0,0,0
5,32,3,8,24,5,0,2,,10:30,1,1,6,0,,0,0,0,0
5,32,3,8,24,5,0,2,,11:14,1,1,5,0,,0,0,0,0
5,32,3,8,24,5,0,2,,11:25,1,1,4,0,,0,0,0,0
5,32,3,8,24,5,0,2,,11:30,1,1,6,0,,0,0,0,0
5,32,3,8,24,5,0,2,,12:15,1,1,3,0,,0,0,0,0
5,32,3,8,24,5,0,2,,12:17,1,1,4,0,,0,0,0,0
5,32,3,8,24,5,0,2,,12:22,1,1,5,0,,0,0,0,0
5,32,3,8,24,5,0,2,,14:24,1,1,6,0,,0,0,0,0
5,32,3,8,24,5,0,2,,14:28,1,1,4,0,,0,0,0,0
5,32,3,8,24,5,0,2,,15:28,1,1,4,0,,0,0,0,0
5,32,3,8,24,5,0,2,,15:30,1,1,4,0,,0,0,0,0
5,32,3,8,24,5,0,2,,17:20,1,1,3,0,,0,0,0,0
5,32,3,8,24,5,0,2,,17:25,1,1,4,0,,0,0,0,0
5,32,3,8,24,5,0,2,,18:20,1,1,5,0,,0,0,0,0
5,32,3,8,24,5,0,2,,22:25,1,1,5,0,,0,0,0,0
5,32,3,8,24,5,0,2,,22:31,1,1,4,0,,0,0,0,0
5,32,3,8,24,5,0,2,,24:26,1,1,6,0,,0,0,0,0
5,32,3,8,24,6,0,0,,,1,1,0,0,,0,0,0,0
5,32,3,8,24,6,0,1,,0,1,1,3,0,,0,0,0,0
5,32,3,8,24,6,0,1,,1,1,1,5,0,,0,0,0,0
5,32,3,8,24,6,0,1,,2,1,1,2,0,,0,0,0,0
5,32,3,8,24,6,0,1,,3,1,1,3,0,,0,0,0,0
5,32,3,8,24,6,0,1,,4,1,1,2,0,,0,0,0,0
5,32,3,8,24,6,0,1,,5,1,1,3,0,,0,0,0,0
5,32,3,8,24,6,0,1,,7,1,1,2,0,,0,0,0,0
5,32,3,8,24,6,0,1,,8,1,1,3,0,,0,0,0,0
5,32,3,8,24,6,0,1,,9,1,1,5,0,,0,0,0,0
5,32,3,8,24,6,0,1,,10,1,1,2,0,,0,0,0,0
5,32,3,8,24,6,0,1,,11,1,1,3,0,,0,0,0,0
5,32,3,8,24,6,0,1,,12,1,1,2,0,,0,0,0,0
5,32,3,8,24,6,0,1,,13,1,1,3,0,,0,0,0,0
5,32,3,8,24,6,0,1,,15,1,1,2,0,,0,0,0,0
5,32,3,8,24,6,0,1,,16,1,1,3,0,,0,0,0,0
5,32,3,8,24,6,0,1,,17,1,1,5,0,,0,0,0,0
5,32,3,8,24,6,0,1,,18,1,1,2,0,,0,0,0,0
5,32,3,8,24,6,0,1,,19,1,1,3,0,,0,0,0,0
5,32,3,8,24,6,0,1,,20,1,1,2,0,,0,0,0,0
5,32,3,8,24,6,0,1,,21,1,1,3,0,,0,0,0,0
5,32,3,8,24,6,0,1,,23,1,1,2,0,,0,0,0,0
5,32,3,8,24,6,0,1,,24,1,1,3,0,,0,0,0,0
5,32,3,8,24,6,0,1,,25,1,1,5,0,,0,0,0,0
5,32,3,8,24,6,0,1,,26,1,1,2,0,,0,0,0,0
5,32,3,8,24,6,0,1,,27,1,1,3,0,,0,0,0,0
5,32,3,8,24,6,0,1,,28,1,1,2,0,,0,0,0,0
5,32,3,8,24,6,0,1,,29,1,1,3,0,,0,0,0,0
5,32,3,8,24,6,0,1,,31,1,1,2,0,,0,0,0,0
5,32,3,8,24,6,0,2,,0:4,1,1,4,0,,0,0,0,0
5,32,3,8,24,6,0,2,,0:19,1,1,6,0,,0,0,0,0
5,32,3,8,24,6,0,2,,0:29,1,1,6,0,,0,0,0,0
5,32,3,8,24,6,0,2,,2:15,1,1,4,0,,0,0,0,0
5,32,3,8,24,6,0,2,,2:25,1,1,7,0,,0,0,0,0
5,32,3,8,24,6,0,2,,2:26,1,1,4,0,,0,0,0,0
5,32,3,8,24,6,0,2,,2:28,1,1,4,0,,0,0,0,0
5,32,3,8,24,6,0,2,,3:18,1,1,4,0,,0,0,0,0
5,32,3,8,24,6,0,2,,3:31,1,1,5,0,,0,0,0,0
5,32,3,8,24,6,0,2,,4:28,1,1,4,0,,0,0,0,0
5,32,3,8,24,6,0,2,,4:29,1,1,5,0,,0,0,0,0
5,32,3,8,24,6,0,2,,5:17,1,1,6,0,,0,0,0,0
5,32,3,8,24,6,0,2,,5:26,1,1,5,0,,0,0,0,0
5,32,3,8,24,6,0,2,,8:21,1,1,6,0,,0,0,0,0
5,32,3,8,24,6,0,2,,9:18,1,1,7,0,,0,0,0,0
5,32,3,8,24,6,0,2,,9:24,1,1,6,0,,0,0,0,0
5,32,3,8,24,6,0,2,,10:29,1,1,5,0,,0,0,0,0
5,32,3,8,24,6,0,2,,11:29,1,1,6,0,,0,0,0,0
5,32,3,8,24,6,0,2,,12:23,1,1,4,0,,0,0,0,0
5,32,3,8,24,6,0,2,,13:15,1,1,4,0,,0,0,0,0
5,32,3,8,24,6,0,2,,13:24,1,1,6,0,,0,0,0,0
5,32,3,8,24,6,0,2,,19:23,1,1,4,0,,0,0,0,0
5,32,3,8,24,6,0,2,,19:24,1,1,6,0,,0,0,0,0
5,32,3,8,24,6,0,2,,19:28,1,1,5,0,,0,0,0,0
5,32,3,8,24,6,0,2,,21:29,1,1,4,0,,0,0,0,0
5,32,3,8,24,6,0,2,,23:28,1,1,4,0,,0,0,0,0
5,32,3,8,24,6,0,2,,23:31,1,1,4,0,,0,0,0,0
5,32,3,8,24,6,0,2,,24:26,1,1,4,0,,0,0,0,0
5,32,3,8,24,6,0,2,,26:29,1,1,5,0,,0,0,0,0
5,32,3,8,24,6,0,2,,28:31,1,1,3,0,,0,0,0,0
5,32,3,8,24,7,0,0,,,1,1,0,0,,0,0,0,0
5,32,3,8,24,7,0,1,,0,1,1,5,0,,0,0,0,0
5,32,3,8,24,7,0,1,,1,1,1,3,0,,0,0,0,0
5,32,3,8,24,7,0,1,,2,1,1,3,0,,0,0,0,0
5,32,3,8,24,7,0,1,,3,1,1,2,0,,0,0,0,0
5,32,3,8,24,7,0,1,,4,1,1,3,0,,0,0,0,0
5,32,3,8,24,7,0,1,,5,1,1,2,0,,0,0,0,0
5,32,3,8,24,7,0,1,,6,1,1,2,0,,0,0,0,0
5,32,3,8,24,7,0,1,,8,1,1,5,0,,0,0,0,0
5,32,3,8,24,7,0,1,,9,1,1,3,0,,0,0,0,0
5,32,3,8,24,7,0,1,,10,1,1,3,0,,0,0,0,0
5,32,3,8,24,7,0,1,,11,1,1,2,0,,0,0,0,0
5,32,3,8,24,7,0,1,,12,1,1,3,0,,0,0,0,0
5,32,3,8,24,7,0,1,,13,1,1,2,0,,0,0,0,0
5,32,3,8,24,7,0,1,,14,1,1,2,0,,0,0,0,0
5,32,3,8,24,7,0,1,,16,1,1,5,0,,0,0,0,0
5,32,3,8,24,7,0,1,,17,1,1,3,0,,0,0,0,0
5,32,3,8,24,7,0,1,,18,1,1,3,0,,0,0,0,0
5,32,3,8,24,7,0,1,,19,1,1,2,0,,0,0,0,0
5,32,3,8,24,7,0,1,,20,1,1,3,0,,0,0,0,0
5,32,3,8,24,7,0,1,,21,1,1,2,0,,0,0,0,0
5,32,3,8,24,7,0,1,,22,1,1,2,0,,0,0,0,0
5,32,3,8,24,7,0,1,,24,1,1,5,0,,0,0,0,0
5,32,3,8,24,7,0,1,,25,1,1,3,0,,0,0,0,0
5,32,3,8,24,7,0,1,,26,1,1,3,0,,0,0,0,0
5,32,3,8,24,7,0,1,,27,1,1,2,0,,0,0,0,0
5,32,3,8,24,7,0,1,,28,1,1,3,0,,0,0,0,0
5,32,3,8,24,7,0,1,,29,1,1,2,0,,0,0,0,0
5,32,3,8,24,7,0,1,,30,1,1,2,0,,0,0,0,0
5,32,3,8,24,7,0,2,,0:2,1,1,6,0,,0,0,0,0
5,32,3,8,24,7,0,2,,0:5,1,1,5,0,,0,0,0,0
5,32,3,8,24,7,0,2,,0:12,1,1,6,0,,0,0,0,0
5,32,3,8,24,7,0,2,,0:13,1,1,7,0,,0,0,0,0
5,32,3,8,24,7,0,2,,0:22,1,1,7,0,,0,0,0,0
5,32,3,8,24,7,0,2,,1:17,1,1,4,0,,0,0,0,0
5,32,3,8,24,7,0,2,,1:22,1,1,5,0,,0,0,0,0
5,32,3,8,24,7,0,2,,1:27,1,1,5,0,,0,0,0,0
5,32,3,8,24,7,0,2,,3:10,1,1,4,0,,0,0,0,0
5,32,3,8,24,7,0,2,,4:20,1,1,4,0,,0,0,0,0
5,32,3,8,24,7,0,2,,5:9,1,1,4,0,,0,0,0,0
5,32,3,8,24,7,0,2,,6:20,1,1,4,0,,0,0,0,0
5,32,3,8,24,7,0,2,,8:18,1,1,8,0,,0,0,0,0
5,32,3,8,24,7,0,2,,8:25,1,1,6,0,,0,0,0,0
5,32,3,8,24,7,0,2,,8:28,1,1,6,0,,0,0,0,0
5,32,3,8,24,7,0,2,,9:11,1,1,4,0,,0,0,0,0
5,32,3,8,24,7,0,2,,9:12,1,1,5,0,,0,0,0,0
5,32,3,8,24,7,0,2,,10:18,1,1,4,0,,0,0,0,0
5,32,3,8,24,7,0,2,,11:25,1,1,4,0,,0,0,0,0
5,32,3,8,24,7,0,2,,12:22,1,1,5,0,,0,0,0,0
5,32,3,8,24,7,0,2,,13:18,1,1,5,0,,0,0,0,0
5,32,3,8,24,7,0,2,,14:25,1,1,5,0,,0,0,0,0
5,32,3,8,24,7,0,2,,16:18,1,1,6,0,,0,0,0,0
5,32,3,8,24,7,0,2,,17:29,1,1,4,0,,0,0,0,0
5,32,3,8,24,7,0,2,,18:20,1,1,5,0,,0,0,0,0
5,32,3,8,24,7,0,2,,18:24,1,1,6,0,,0,0,0,0
5,32,3,8,24,7,0,2,,19:22,1,1,3,0,,0,0,0,0
5,32,3,8,24,7,0,2,,19:26,1,1,4,0,,0,0,0,0
5,32,3,8,24,7,0,2,,19:30,1,1,4,0,,0,0,0,0
5,32,3,8,24,7,0,2,,27:30,1,1,3,0,,0,0,0,0
