index,columns
0,0:1:2:3:4:5:8:22:36
1,0:1:2:3:4:5:8:22:50
2,0:1:2:3:4:5:8:36:50
3,0:1:2:3:4:5:9:23:37
4,0:1:2:3:4:5:9:23:51
5,0:1:2:3:4:5:9:37:51
6,0:1:2:3:4:5:10:24:38
7,0:1:2:3:4:5:10:24:52
8,0:1:2:3:4:5:10:38:52
9,0:1:2:3:4:5:11:25:39
10,0:1:2:3:4:5:11:25:53
11,0:1:2:3:4:5:11:39:53
12,0:1:2:3:4:5:12:26:40
13,0:1:2:3:4:5:12:26:54
14,0:1:2:3:4:5:12:40:54
15,0:1:2:3:4:5:13:27:41
16,0:1:2:3:4:5:13:27:55
17,0:1:2:3:4:5:13:41:55
18,0:1:2:3:4:5:14:28:42
19,0:1:2:3:4:5:14:28:56
20,0:1:2:3:4:5:14:42:56
21,0:1:2:3:4:5:15:29:43
22,0:1:2:3:4:5:15:29:57
23,0:1:2:3:4:5:15:43:57
24,0:1:2:3:4:5:16:30:44
25,0:1:2:3:4:5:16:30:58
26,0:1:2:3:4:5:16:44:58
27,0:1:2:3:4:5:17:31:45
28,0:1:2:3:4:5:17:31:59
29,0:1:2:3:4:5:17:45:59
30,0:1:2:3:4:5:18:32:46
31,0:1:2:3:4:5:18:32:60
32,0:1:2:3:4:5:18:46:60
33,0:1:2:3:4:5:19:33:47
34,0:1:2:3:4:5:19:33:61
35,0:1:2:3:4:5:19:47:61
36,0:1:2:3:4:5:20:34:48
37,0:1:2:3:4:5:20:34:62
38,0:1:2:3:4:5:20:48:62
39,0:1:2:3:4:5:21:35:49
40,0:1:2:3:4:5:21:35:63
41,0:1:2:3:4:5:21:49:63
42,0:1:2:3:4:5:22:36:50
43,0:1:2:3:4:5:23:37:51
44,0:1:2:3:4:5:24:38:52
45,0:1:2:3:4:5:25:39:53
46,0:1:2:3:4:5:26:40:54
47,0:1:2:3:4:5:27:41:55
48,0:1:2:3:4:5:28:42:56
49,0:1:2:3:4:5:29:43:57
50,0:1:2:3:4:5:30:44:58
51,0:1:2:3:4:5:31:45:59
52,0:1:2:3:4:5:32:46:60
53,0:1:2:3:4:5:33:47:61
54,0:1:2:3:4:5:34:48:62
55,0:1:2:3:4:5:35:49:63
56,0:1:2:3:6:7:8:22:36
57,0:1:2:3:6:7:8:22:50
58,0:1:2:3:6:7:8:36:50
59,0:1:2:3:6:7:9:23:37
60,0:1:2:3:6:7:9:23:51
61,0:1:2:3:6:7:9:37:51
62,0:1:2:3:6:7:10:24:38
63,0:1:2:3:6:7:10:24:52
64,0:1:2:3:6:7:10:38:52
65,0:1:2:3:6:7:11:25:39
66,0:1:2:3:6:7:11:25:53
67,0:1:2:3:6:7:11:39:53
68,0:1:2:3:6:7:12:26:40
69,0:1:2:3:6:7:12:26:54
70,0:1:2:3:6:7:12:40:54
71,0:1:2:3:6:7:13:27:41
72,0:1:2:3:6:7:13:27:55
73,0:1:2:3:6:7:13:41:55
74,0:1:2:3:6:7:14:28:42
75,0:1:2:3:6:7:14:28:56
76,0:1:2:3:6:7:14:42:56
77,0:1:2:3:6:7:15:29:43
78,0:1:2:3:6:7:15:29:57
79,0:1:2:3:6:7:15:43:57
80,0:1:2:3:6:7:16:30:44
81,0:1:2:3:6:7:16:30:58
82,0:1:2:3:6:7:16:44:58
83,0:1:2:3:6:7:17:31:45
84,0:1:2:3:6:7:17:31:59
85,0:1:2:3:6:7:17:45:59
86,0:1:2:3:6:7:18:32:46
87,0:1:2:3:6:7:18:32:60
88,0:1:2:3:6:7:18:46:60
89,0:1:2:3:6:7:19:33:47
90,0:1:2:3:6:7:19:33:61
91,0:1:2:3:6:7:19:47:61
92,0:1:2:3:6:7:20:34:48
93,0:1:2:3:6:7:20:34:62
94,0:1:2:3:6:7:20:48:62
95,0:1:2:3:6:7:21:35:49
96,0:1:2:3:6:7:21:35:63
97,0:1:2:3:6:7:21:49:63
98,0:1:2:3:6:7:22:36:50
99,0:1:2:3:6:7:23:37:51
100,0:1:2:3:6:7:24:38:52
101,0:1:2:3:6:7:25:39:53
102,0:1:2:3:6:7:26:40:54
103,0:1:2:3:6:7:27:41:55
104,0:1:2:3:6:7:28:42:56
105,0:1:2:3:6:7:29:43:57
106,0:1:2:3:6:7:30:44:58
107,0:1:2:3:6:7:31:45:59
108,0:1:2:3:6:7:32:46:60
109,0:1:2:3:6:7:33:47:61
110,0:1:2:3:6:7:34:48:62
111,0:1:2:3:6:7:35:49:63
112,0:1:4:5:6:7:8:22:36
113,0:1:4:5:6:7:8:22:50
114,0:1:4:5:6:7:8:36:50
115,0:1:4:5:6:7:9:23:37
116,0:1:4:5:6:7:9:23:51
117,0:1:4:5:6:7:9:37:51
118,0:1:4:5:6:7:10:24:38
119,0:1:4:5:6:7:10:24:52
120,0:1:4:5:6:7:10:38:52
121,0:1:4:5:6:7:11:25:39
122,0:1:4:5:6:7:11:25:53
123,0:1:4:5:6:7:11:39:53
124,0:1:4:5:6:7:12:26:40
125,0:1:4:5:6:7:12:26:54
126,0:1:4:5:6:7:12:40:54
127,0:1:4:5:6:7:13:27:41
128,0:1:4:5:6:7:13:27:55
129,0:1:4:5:6:7:13:41:55
130,0:1:4:5:6:7:14:28:42
131,0:1:4:5:6:7:14:28:56
132,0:1:4:5:6:7:14:42:56
133,0:1:4:5:6:7:15:29:43
134,0:1:4:5:6:7:15:29:57
135,0:1:4:5:6:7:15:43:57
136,0:1:4:5:6:7:16:30:44
137,0:1:4:5:6:7:16:30:58
138,0:1:4:5:6:7:16:44:58
139,0:1:4:5:6:7:17:31:45
140,0:1:4:5:6:7:17:31:59
141,0:1:4:5:6:7:17:45:59
142,0:1:4:5:6:7:18:32:46
143,0:1:4:5:6:7:18:32:60
144,0:1:4:5:6:7:18:46:60
145,0:1:4:5:6:7:19:33:47
146,0:1:4:5:6:7:19:33:61
147,0:1:4:5:6:7:19:47:61
148,0:1:4:5:6:7:20:34:48
149,0:1:4:5:6:7:20:34:62
150,0:1:4:5:6:7:20:48:62
151,0:1:4:5:6:7:21:35:49
152,0:1:4:5:6:7:21:35:63
153,0:1:4:5:6:7:21:49:63
154,0:1:4:5:6:7:22:36:50
155,0:1:4:5:6:7:23:37:51
156,0:1:4:5:6:7:24:38:52
157,0:1:4:5:6:7:25:39:53
158,0:1:4:5:6:7:26:40:54
159,0:1:4:5:6:7:27:41:55
160,0:1:4:5:6:7:28:42:56
161,0:1:4:5:6:7:29:43:57
162,0:1:4:5:6:7:30:44:58
163,0:1:4:5:6:7:31:45:59
164,0:1:4:5:6:7:32:46:60
165,0:1:4:5:6:7:33:47:61
166,0:1:4:5:6:7:34:48:62
167,0:1:4:5:6:7:35:49:63
168,2:3:4:5:6:7:8:22:36
169,2:3:4:5:6:7:8:22:50
170,2:3:4:5:6:7:8:36:50
171,2:3:4:5:6:7:9:23:37
172,2:3:4:5:6:7:9:23:51
173,2:3:4:5:6:7:9:37:51
174,2:3:4:5:6:7:10:24:38
175,2:3:4:5:6:7:10:24:52
176,2:3:4:5:6:7:10:38:52
177,2:3:4:5:6:7:11:25:39
178,2:3:4:5:6:7:11:25:53
179,2:3:4:5:6:7:11:39:53
180,2:3:4:5:6:7:12:26:40
181,2:3:4:5:6:7:12:26:54
182,2:3:4:5:6:7:12:40:54
183,2:3:4:5:6:7:13:27:41
184,2:3:4:5:6:7:13:27:55
185,2:3:4:5:6:7:13:41:55
186,2:3:4:5:6:7:14:28:42
187,2:3:4:5:6:7:14:28:56
188,2:3:4:5:6:7:14:42:56
189,2:3:4:5:6:7:15:29:43
190,2:3:4:5:6:7:15:29:57
191,2:3:4:5:6:7:15:43:57
192,2:3:4:5:6:7:16:30:44
193,2:3:4:5:6:7:16:30:58
194,2:3:4:5:6:7:16:44:58
195,2:3:4:5:6:7:17:31:45
196,2:3:4:5:6:7:17:31:59
197,2:3:4:5:6:7:17:45:59
198,2:3:4:5:6:7:18:32:46
199,2:3:4:5:6:7:18:32:60
200,2:3:4:5:6:7:18:46:60
201,2:3:4:5:6:7:19:33:47
202,2:3:4:5:6:7:19:33:61
203,2:3:4:5:6:7:19:47:61
204,2:3:4:5:6:7:20:34:48
205,2:3:4:5:6:7:20:34:62
206,2:3:4:5:6:7:20:48:62
207,2:3:4:5:6:7:21:35:49
208,2:3:4:5:6:7:21:35:63
209,2:3:4:5:6:7:21:49:63
210,2:3:4:5:6:7:22:36:50
211,2:3:4:5:6:7:23:37:51
212,2:3:4:5:6:7:24:38:52
213,2:3:4:5:6:7:25:39:53
214,2:3:4:5:6:7:26:40:54
215,2:3:4:5:6:7:27:41:55
216,2:3:4:5:6:7:28:42:56
217,2:3:4:5:6:7:29:43:57
218,2:3:4:5:6:7:30:44:58
219,2:3:4:5:6:7:31:45:59
220,2:3:4:5:6:7:32:46:60
221,2:3:4:5:6:7:33:47:61
222,2:3:4:5:6:7:34:48:62
223,2:3:4:5:6:7:35:49:63
