subset_index,columns,support_mask,support_columns,rho,components,tau,root_count,support_rank,support_components,delta,generic_kernel_dim,complement_rank,generic_endpoint_logq,component_endpoint_logq,endpoint_bound_logq,endpoint_root_weight_logq,line_assignments,kernel_profile,contained_root_line_count,contained_root_line_logq,exact_root_line_count,exact_root_line_logq,asymptotic_root_weight_logq
0,1:3:13:14,3,1:3,4,4,2,2,2,2,2,2,2,8,8,8,6,36,2:36,36,2.226565505118757,36,2.226565505118757,0.22656550511875695
0,1:3:13:14,5,1:13,4,4,2,2,2,2,2,2,2,8,8,8,6,36,2:36,36,2.226565505118757,36,2.226565505118757,0.22656550511875695
0,1:3:13:14,6,3:13,4,4,2,2,2,2,2,2,2,8,8,8,6,36,2:36,36,2.226565505118757,36,2.226565505118757,0.22656550511875695
0,1:3:13:14,9,1:14,4,4,2,2,2,2,2,2,2,8,8,8,6,36,2:36,36,2.226565505118757,36,2.226565505118757,0.22656550511875695
0,1:3:13:14,10,3:14,4,4,2,2,2,2,2,2,2,8,8,8,6,36,2:36,36,2.226565505118757,36,2.226565505118757,0.22656550511875695
0,1:3:13:14,12,13:14,4,4,2,2,2,2,2,2,2,8,8,8,6,36,2:36,36,2.226565505118757,36,2.226565505118757,0.22656550511875695
0,1:3:13:14,7,1:3:13,4,4,2,3,3,3,3,3,1,8,8,8,5,216,3:216,6696,5.473504472655458,6048,5.41026332894709,2.4102633289470896
0,1:3:13:14,11,1:3:14,4,4,2,3,3,3,3,3,1,8,8,8,5,216,3:216,6696,5.473504472655458,6048,5.41026332894709,2.4102633289470896
0,1:3:13:14,13,1:13:14,4,4,2,3,3,3,3,3,1,8,8,8,5,216,3:216,6696,5.473504472655458,6048,5.41026332894709,2.4102633289470896
0,1:3:13:14,14,3:13:14,4,4,2,3,3,3,3,3,1,8,8,8,5,216,3:216,6696,5.473504472655458,6048,5.41026332894709,2.4102633289470896
0,1:3:13:14,15,1:3:13:14,4,4,2,4,4,4,4,4,0,8,8,8,4,1296,4:1296,1044576,8.611156424455313,891648,8.51280227028115,4.512802270281149
1,0:9:13:15,3,0:9,4,4,2,2,2,2,2,2,2,8,8,8,6,36,2:36,36,2.226565505118757,36,2.226565505118757,0.22656550511875695
1,0:9:13:15,5,0:13,4,4,2,2,2,2,2,2,2,8,8,8,6,36,2:36,36,2.226565505118757,36,2.226565505118757,0.22656550511875695
1,0:9:13:15,6,9:13,4,4,2,2,2,2,2,2,2,8,8,8,6,36,2:36,36,2.226565505118757,36,2.226565505118757,0.22656550511875695
1,0:9:13:15,9,0:15,4,4,2,2,2,2,2,2,2,8,8,8,6,36,2:36,36,2.226565505118757,36,2.226565505118757,0.22656550511875695
1,0:9:13:15,10,9:15,4,4,2,2,2,2,2,2,2,8,8,8,6,36,2:36,36,2.226565505118757,36,2.226565505118757,0.22656550511875695
1,0:9:13:15,12,13:15,4,4,2,2,2,2,2,2,2,8,8,8,6,36,2:36,36,2.226565505118757,36,2.226565505118757,0.22656550511875695
1,0:9:13:15,7,0:9:13,4,4,2,3,3,3,3,3,1,8,8,8,5,216,3:216,6696,5.473504472655458,6048,5.41026332894709,2.4102633289470896
1,0:9:13:15,11,0:9:15,4,4,2,3,3,3,3,3,1,8,8,8,5,216,3:216,6696,5.473504472655458,6048,5.41026332894709,2.4102633289470896
1,0:9:13:15,13,0:13:15,4,4,2,3,3,3,3,3,1,8,8,8,5,216,3:216,6696,5.473504472655458,6048,5.41026332894709,2.4102633289470896
1,0:9:13:15,14,9:13:15,4,4,2,3,3,3,3,3,1,8,8,8,5,216,3:216,6696,5.473504472655458,6048,5.41026332894709,2.4102633289470896
1,0:9:13:15,15,0:9:13:15,4,4,2,4,4,4,4,4,0,8,8,8,4,1296,4:1296,1044576,8.611156424455313,891648,8.51280227028115,4.512802270281149
2,3:10:13:15,3,3:10,4,4,2,2,2,2,2,2,2,8,8,8,6,36,2:36,36,2.226565505118757,36,2.226565505118757,0.22656550511875695
2,3:10:13:15,5,3:13,4,4,2,2,2,2,2,2,2,8,8,8,6,36,2:36,36,2.226565505118757,36,2.226565505118757,0.22656550511875695
2,3:10:13:15,6,10:13,4,4,2,2,2,2,2,2,2,8,8,8,6,36,2:36,36,2.226565505118757,36,2.226565505118757,0.22656550511875695
2,3:10:13:15,9,3:15,4,4,2,2,2,2,2,2,2,8,8,8,6,36,2:36,36,2.226565505118757,36,2.226565505118757,0.22656550511875695
2,3:10:13:15,10,10:15,4,4,2,2,2,2,2,2,2,8,8,8,6,36,2:36,36,2.226565505118757,36,2.226565505118757,0.22656550511875695
2,3:10:13:15,12,13:15,4,4,2,2,2,2,2,2,2,8,8,8,6,36,2:36,36,2.226565505118757,36,2.226565505118757,0.22656550511875695
2,3:10:13:15,7,3:10:13,4,4,2,3,3,3,3,3,1,8,8,8,5,216,3:216,6696,5.473504472655458,6048,5.41026332894709,2.4102633289470896
2,3:10:13:15,11,3:10:15,4,4,2,3,3,3,3,3,1,8,8,8,5,216,3:216,6696,5.473504472655458,6048,5.41026332894709,2.4102633289470896
2,3:10:13:15,13,3:13:15,4,4,2,3,3,3,3,3,1,8,8,8,5,216,3:216,6696,5.473504472655458,6048,5.41026332894709,2.4102633289470896
2,3:10:13:15,14,10:13:15,4,4,2,3,3,3,3,3,1,8,8,8,5,216,3:216,6696,5.473504472655458,6048,5.41026332894709,2.4102633289470896
2,3:10:13:15,15,3:10:13:15,4,4,2,4,4,4,4,4,0,8,8,8,4,1296,4:1296,1044576,8.611156424455313,891648,8.51280227028115,4.512802270281149
3,1:6:9:14,3,1:6,4,4,2,2,2,2,2,2,2,8,8,8,6,36,2:36,36,2.226565505118757,36,2.226565505118757,0.22656550511875695
3,1:6:9:14,5,1:9,4,4,2,2,2,2,2,2,2,8,8,8,6,36,2:36,36,2.226565505118757,36,2.226565505118757,0.22656550511875695
3,1:6:9:14,6,6:9,4,4,2,2,2,2,2,2,2,8,8,8,6,36,2:36,36,2.226565505118757,36,2.226565505118757,0.22656550511875695
3,1:6:9:14,9,1:14,4,4,2,2,2,2,2,2,2,8,8,8,6,36,2:36,36,2.226565505118757,36,2.226565505118757,0.22656550511875695
3,1:6:9:14,10,6:14,4,4,2,2,2,2,2,2,2,8,8,8,6,36,2:36,36,2.226565505118757,36,2.226565505118757,0.22656550511875695
3,1:6:9:14,12,9:14,4,4,2,2,2,2,2,2,2,8,8,8,6,36,2:36,36,2.226565505118757,36,2.226565505118757,0.22656550511875695
3,1:6:9:14,7,1:6:9,4,4,2,3,3,3,3,3,1,8,8,8,5,216,3:216,6696,5.473504472655458,6048,5.41026332894709,2.4102633289470896
3,1:6:9:14,11,1:6:14,4,4,2,3,3,3,3,3,1,8,8,8,5,216,3:216,6696,5.473504472655458,6048,5.41026332894709,2.4102633289470896
3,1:6:9:14,13,1:9:14,4,4,2,3,3,3,3,3,1,8,8,8,5,216,3:216,6696,5.473504472655458,6048,5.41026332894709,2.4102633289470896
3,1:6:9:14,14,6:9:14,4,4,2,3,3,3,3,3,1,8,8,8,5,216,3:216,6696,5.473504472655458,6048,5.41026332894709,2.4102633289470896
3,1:6:9:14,15,1:6:9:14,4,4,2,4,4,4,4,4,0,8,8,8,4,1296,4:1296,1044576,8.611156424455313,891648,8.51280227028115,4.512802270281149
4,0:1:3:8,7,0:1:3,3,2,2,3,2,1,2,1,1,4,4,4,1,216,1:210;2:6,6,1.1132827525593785,6,1.1132827525593785,-1.8867172474406215
4,0:1:3:8,11,0:1:8,3,2,2,3,3,3,2,1,1,4,4,4,1,216,1:180;2:36,36,2.226565505118757,36,2.226565505118757,-0.773434494881243
4,0:1:3:8,13,0:3:8,3,2,2,3,3,3,2,1,1,4,4,4,1,216,1:180;2:36,36,2.226565505118757,36,2.226565505118757,-0.773434494881243
4,0:1:3:8,14,1:3:8,3,2,2,3,3,3,2,1,1,4,4,4,1,216,1:180;2:36,36,2.226565505118757,36,2.226565505118757,-0.773434494881243
4,0:1:3:8,15,0:1:3:8,3,2,2,4,3,2,3,2,0,4,4,4,0,1296,2:1260;3:36,2376,4.829744360083113,1692,4.618796713272123,0.6187967132721228
5,2:4:6:15,3,2:4,4,4,2,2,2,2,2,2,2,8,8,8,6,36,2:36,36,2.226565505118757,36,2.226565505118757,0.22656550511875695
5,2:4:6:15,5,2:6,4,4,2,2,2,2,2,2,2,8,8,8,6,36,2:36,36,2.226565505118757,36,2.226565505118757,0.22656550511875695
5,2:4:6:15,6,4:6,4,4,2,2,2,2,2,2,2,8,8,8,6,36,2:36,36,2.226565505118757,36,2.226565505118757,0.22656550511875695
5,2:4:6:15,9,2:15,4,4,2,2,2,2,2,2,2,8,8,8,6,36,2:36,36,2.226565505118757,36,2.226565505118757,0.22656550511875695
5,2:4:6:15,10,4:15,4,4,2,2,2,2,2,2,2,8,8,8,6,36,2:36,36,2.226565505118757,36,2.226565505118757,0.22656550511875695
5,2:4:6:15,12,6:15,4,4,2,2,2,2,2,2,2,8,8,8,6,36,2:36,36,2.226565505118757,36,2.226565505118757,0.22656550511875695
5,2:4:6:15,7,2:4:6,4,4,2,3,3,3,3,3,1,8,8,8,5,216,3:216,6696,5.473504472655458,6048,5.41026332894709,2.4102633289470896
5,2:4:6:15,11,2:4:15,4,4,2,3,3,3,3,3,1,8,8,8,5,216,3:216,6696,5.473504472655458,6048,5.41026332894709,2.4102633289470896
5,2:4:6:15,13,2:6:15,4,4,2,3,3,3,3,3,1,8,8,8,5,216,3:216,6696,5.473504472655458,6048,5.41026332894709,2.4102633289470896
5,2:4:6:15,14,4:6:15,4,4,2,3,3,3,3,3,1,8,8,8,5,216,3:216,6696,5.473504472655458,6048,5.41026332894709,2.4102633289470896
5,2:4:6:15,15,2:4:6:15,4,4,2,4,4,4,4,4,0,8,8,8,4,1296,4:1296,1044576,8.611156424455313,891648,8.51280227028115,4.512802270281149
6,3:4:8:9,7,3:4:8,3,2,2,3,3,3,2,1,1,4,4,4,1,216,1:180;2:36,36,2.226565505118757,36,2.226565505118757,-0.773434494881243
6,3:4:8:9,11,3:4:9,3,2,2,3,3,3,2,1,1,4,4,4,1,216,1:180;2:36,36,2.226565505118757,36,2.226565505118757,-0.773434494881243
6,3:4:8:9,13,3:8:9,3,2,2,3,3,3,2,1,1,4,4,4,1,216,1:180;2:36,36,2.226565505118757,36,2.226565505118757,-0.773434494881243
6,3:4:8:9,14,4:8:9,3,2,2,3,2,1,2,1,1,4,4,4,1,216,1:210;2:6,6,1.1132827525593785,6,1.1132827525593785,-1.8867172474406215
6,3:4:8:9,15,3:4:8:9,3,2,2,4,3,2,3,2,0,4,4,4,0,1296,2:1260;3:36,2376,4.829744360083113,1692,4.618796713272123,0.6187967132721228
7,1:5:9:13,3,1:5,4,4,2,2,2,2,2,2,2,8,8,8,6,36,2:36,36,2.226565505118757,36,2.226565505118757,0.22656550511875695
7,1:5:9:13,5,1:9,4,4,2,2,2,2,2,2,2,8,8,8,6,36,2:36,36,2.226565505118757,36,2.226565505118757,0.22656550511875695
7,1:5:9:13,6,5:9,4,4,2,2,2,2,2,2,2,8,8,8,6,36,2:36,36,2.226565505118757,36,2.226565505118757,0.22656550511875695
7,1:5:9:13,9,1:13,4,4,2,2,2,2,2,2,2,8,8,8,6,36,2:36,36,2.226565505118757,36,2.226565505118757,0.22656550511875695
7,1:5:9:13,10,5:13,4,4,2,2,2,2,2,2,2,8,8,8,6,36,2:36,36,2.226565505118757,36,2.226565505118757,0.22656550511875695
7,1:5:9:13,12,9:13,4,4,2,2,2,2,2,2,2,8,8,8,6,36,2:36,36,2.226565505118757,36,2.226565505118757,0.22656550511875695
7,1:5:9:13,7,1:5:9,4,4,2,3,3,3,3,3,1,8,8,8,5,216,3:216,6696,5.473504472655458,6048,5.41026332894709,2.4102633289470896
7,1:5:9:13,11,1:5:13,4,4,2,3,3,3,3,3,1,8,8,8,5,216,3:216,6696,5.473504472655458,6048,5.41026332894709,2.4102633289470896
7,1:5:9:13,13,1:9:13,4,4,2,3,3,3,3,3,1,8,8,8,5,216,3:216,6696,5.473504472655458,6048,5.41026332894709,2.4102633289470896
7,1:5:9:13,14,5:9:13,4,4,2,3,3,3,3,3,1,8,8,8,5,216,3:216,6696,5.473504472655458,6048,5.41026332894709,2.4102633289470896
7,1:5:9:13,15,1:5:9:13,4,4,2,4,4,4,4,4,0,8,8,8,4,1296,4:1296,1044576,8.611156424455313,891648,8.51280227028115,4.512802270281149
8,1:5:6:8,7,1:5:6,3,2,2,3,2,1,2,1,1,4,4,4,1,216,1:210;2:6,6,1.1132827525593785,6,1.1132827525593785,-1.8867172474406215
8,1:5:6:8,11,1:5:8,3,2,2,3,3,3,2,1,1,4,4,4,1,216,1:180;2:36,36,2.226565505118757,36,2.226565505118757,-0.773434494881243
8,1:5:6:8,13,1:6:8,3,2,2,3,3,3,2,1,1,4,4,4,1,216,1:180;2:36,36,2.226565505118757,36,2.226565505118757,-0.773434494881243
8,1:5:6:8,14,5:6:8,3,2,2,3,3,3,2,1,1,4,4,4,1,216,1:180;2:36,36,2.226565505118757,36,2.226565505118757,-0.773434494881243
8,1:5:6:8,15,1:5:6:8,3,2,2,4,3,2,3,2,0,4,4,4,0,1296,2:1260;3:36,2376,4.829744360083113,1692,4.618796713272123,0.6187967132721228
9,0:2:9:14,3,0:2,4,4,2,2,2,2,2,2,2,8,8,8,6,36,2:36,36,2.226565505118757,36,2.226565505118757,0.22656550511875695
9,0:2:9:14,5,0:9,4,4,2,2,2,2,2,2,2,8,8,8,6,36,2:36,36,2.226565505118757,36,2.226565505118757,0.22656550511875695
9,0:2:9:14,6,2:9,4,4,2,2,2,2,2,2,2,8,8,8,6,36,2:36,36,2.226565505118757,36,2.226565505118757,0.22656550511875695
9,0:2:9:14,9,0:14,4,4,2,2,2,2,2,2,2,8,8,8,6,36,2:36,36,2.226565505118757,36,2.226565505118757,0.22656550511875695
9,0:2:9:14,10,2:14,4,4,2,2,2,2,2,2,2,8,8,8,6,36,2:36,36,2.226565505118757,36,2.226565505118757,0.22656550511875695
9,0:2:9:14,12,9:14,4,4,2,2,2,2,2,2,2,8,8,8,6,36,2:36,36,2.226565505118757,36,2.226565505118757,0.22656550511875695
9,0:2:9:14,7,0:2:9,4,4,2,3,3,3,3,3,1,8,8,8,5,216,3:216,6696,5.473504472655458,6048,5.41026332894709,2.4102633289470896
9,0:2:9:14,11,0:2:14,4,4,2,3,3,3,3,3,1,8,8,8,5,216,3:216,6696,5.473504472655458,6048,5.41026332894709,2.4102633289470896
9,0:2:9:14,13,0:9:14,4,4,2,3,3,3,3,3,1,8,8,8,5,216,3:216,6696,5.473504472655458,6048,5.41026332894709,2.4102633289470896
9,0:2:9:14,14,2:9:14,4,4,2,3,3,3,3,3,1,8,8,8,5,216,3:216,6696,5.473504472655458,6048,5.41026332894709,2.4102633289470896
9,0:2:9:14,15,0:2:9:14,4,4,2,4,4,4,4,4,0,8,8,8,4,1296,4:1296,1044576,8.611156424455313,891648,8.51280227028115,4.512802270281149
10,6:7:8:10,3,6:7,4,4,2,2,2,2,2,2,2,8,8,8,6,36,2:36,36,2.226565505118757,36,2.226565505118757,0.22656550511875695
10,6:7:8:10,5,6:8,4,4,2,2,2,2,2,2,2,8,8,8,6,36,2:36,36,2.226565505118757,36,2.226565505118757,0.22656550511875695
10,6:7:8:10,6,7:8,4,4,2,2,2,2,2,2,2,8,8,8,6,36,2:36,36,2.226565505118757,36,2.226565505118757,0.22656550511875695
10,6:7:8:10,9,6:10,4,4,2,2,2,2,2,2,2,8,8,8,6,36,2:36,36,2.226565505118757,36,2.226565505118757,0.22656550511875695
10,6:7:8:10,10,7:10,4,4,2,2,2,2,2,2,2,8,8,8,6,36,2:36,36,2.226565505118757,36,2.226565505118757,0.22656550511875695
10,6:7:8:10,12,8:10,4,4,2,2,2,2,2,2,2,8,8,8,6,36,2:36,36,2.226565505118757,36,2.226565505118757,0.22656550511875695
10,6:7:8:10,7,6:7:8,4,4,2,3,3,3,3,3,1,8,8,8,5,216,3:216,6696,5.473504472655458,6048,5.41026332894709,2.4102633289470896
10,6:7:8:10,11,6:7:10,4,4,2,3,3,3,3,3,1,8,8,8,5,216,3:216,6696,5.473504472655458,6048,5.41026332894709,2.4102633289470896
10,6:7:8:10,13,6:8:10,4,4,2,3,3,3,3,3,1,8,8,8,5,216,3:216,6696,5.473504472655458,6048,5.41026332894709,2.4102633289470896
10,6:7:8:10,14,7:8:10,4,4,2,3,3,3,3,3,1,8,8,8,5,216,3:216,6696,5.473504472655458,6048,5.41026332894709,2.4102633289470896
10,6:7:8:10,15,6:7:8:10,4,4,2,4,4,4,4,4,0,8,8,8,4,1296,4:1296,1044576,8.611156424455313,891648,8.51280227028115,4.512802270281149
11,5:7:12:13,3,5:7,4,4,2,2,2,2,2,2,2,8,8,8,6,36,2:36,36,2.226565505118757,36,2.226565505118757,0.22656550511875695
11,5:7:12:13,5,5:12,4,4,2,2,2,2,2,2,2,8,8,8,6,36,2:36,36,2.226565505118757,36,2.226565505118757,0.22656550511875695
11,5:7:12:13,6,7:12,4,4,2,2,2,2,2,2,2,8,8,8,6,36,2:36,36,2.226565505118757,36,2.226565505118757,0.22656550511875695
11,5:7:12:13,9,5:13,4,4,2,2,2,2,2,2,2,8,8,8,6,36,2:36,36,2.226565505118757,36,2.226565505118757,0.22656550511875695
11,5:7:12:13,10,7:13,4,4,2,2,2,2,2,2,2,8,8,8,6,36,2:36,36,2.226565505118757,36,2.226565505118757,0.22656550511875695
11,5:7:12:13,12,12:13,4,4,2,2,2,2,2,2,2,8,8,8,6,36,2:36,36,2.226565505118757,36,2.226565505118757,0.22656550511875695
11,5:7:12:13,7,5:7:12,4,4,2,3,3,3,3,3,1,8,8,8,5,216,3:216,6696,5.473504472655458,6048,5.41026332894709,2.4102633289470896
11,5:7:12:13,11,5:7:13,4,4,2,3,3,3,3,3,1,8,8,8,5,216,3:216,6696,5.473504472655458,6048,5.41026332894709,2.4102633289470896
11,5:7:12:13,13,5:12:13,4,4,2,3,3,3,3,3,1,8,8,8,5,216,3:216,6696,5.473504472655458,6048,5.41026332894709,2.4102633289470896
11,5:7:12:13,14,7:12:13,4,4,2,3,3,3,3,3,1,8,8,8,5,216,3:216,6696,5.473504472655458,6048,5.41026332894709,2.4102633289470896
11,5:7:12:13,15,5:7:12:13,4,4,2,4,4,4,4,4,0,8,8,8,4,1296,4:1296,1044576,8.611156424455313,891648,8.51280227028115,4.512802270281149
12,3:4:5:14,3,3:4,4,4,2,2,2,2,2,2,2,8,8,8,6,36,2:36,36,2.226565505118757,36,2.226565505118757,0.22656550511875695
12,3:4:5:14,5,3:5,4,4,2,2,2,2,2,2,2,8,8,8,6,36,2:36,36,2.226565505118757,36,2.226565505118757,0.22656550511875695
12,3:4:5:14,6,4:5,4,4,2,2,2,2,2,2,2,8,8,8,6,36,2:36,36,2.226565505118757,36,2.226565505118757,0.22656550511875695
12,3:4:5:14,9,3:14,4,4,2,2,2,2,2,2,2,8,8,8,6,36,2:36,36,2.226565505118757,36,2.226565505118757,0.22656550511875695
12,3:4:5:14,10,4:14,4,4,2,2,2,2,2,2,2,8,8,8,6,36,2:36,36,2.226565505118757,36,2.226565505118757,0.22656550511875695
12,3:4:5:14,12,5:14,4,4,2,2,2,2,2,2,2,8,8,8,6,36,2:36,36,2.226565505118757,36,2.226565505118757,0.22656550511875695
12,3:4:5:14,7,3:4:5,4,4,2,3,3,3,3,3,1,8,8,8,5,216,3:216,6696,5.473504472655458,6048,5.41026332894709,2.4102633289470896
12,3:4:5:14,11,3:4:14,4,4,2,3,3,3,3,3,1,8,8,8,5,216,3:216,6696,5.473504472655458,6048,5.41026332894709,2.4102633289470896
12,3:4:5:14,13,3:5:14,4,4,2,3,3,3,3,3,1,8,8,8,5,216,3:216,6696,5.473504472655458,6048,5.41026332894709,2.4102633289470896
12,3:4:5:14,14,4:5:14,4,4,2,3,3,3,3,3,1,8,8,8,5,216,3:216,6696,5.473504472655458,6048,5.41026332894709,2.4102633289470896
12,3:4:5:14,15,3:4:5:14,4,4,2,4,4,4,4,4,0,8,8,8,4,1296,4:1296,1044576,8.611156424455313,891648,8.51280227028115,4.512802270281149
13,3:5:11:12,3,3:5,4,4,2,2,2,2,2,2,2,8,8,8,6,36,2:36,36,2.226565505118757,36,2.226565505118757,0.22656550511875695
13,3:5:11:12,5,3:11,4,4,2,2,2,2,2,2,2,8,8,8,6,36,2:36,36,2.226565505118757,36,2.226565505118757,0.22656550511875695
13,3:5:11:12,6,5:11,4,4,2,2,2,2,2,2,2,8,8,8,6,36,2:36,36,2.226565505118757,36,2.226565505118757,0.22656550511875695
13,3:5:11:12,9,3:12,4,4,2,2,2,2,2,2,2,8,8,8,6,36,2:36,36,2.226565505118757,36,2.226565505118757,0.22656550511875695
13,3:5:11:12,10,5:12,4,4,2,2,2,2,2,2,2,8,8,8,6,36,2:36,36,2.226565505118757,36,2.226565505118757,0.22656550511875695
13,3:5:11:12,12,11:12,4,4,2,2,2,2,2,2,2,8,8,8,6,36,2:36,36,2.226565505118757,36,2.226565505118757,0.22656550511875695
13,3:5:11:12,7,3:5:11,4,4,2,3,3,3,3,3,1,8,8,8,5,216,3:216,6696,5.473504472655458,6048,5.41026332894709,2.4102633289470896
13,3:5:11:12,11,3:5:12,4,4,2,3,3,3,3,3,1,8,8,8,5,216,3:216,6696,5.473504472655458,6048,5.41026332894709,2.4102633289470896
13,3:5:11:12,13,3:11:12,4,4,2,3,3,3,3,3,1,8,8,8,5,216,3:216,6696,5.473504472655458,6048,5.41026332894709,2.4102633289470896
13,3:5:11:12,14,5:11:12,4,4,2,3,3,3,3,3,1,8,8,8,5,216,3:216,6696,5.473504472655458,6048,5.41026332894709,2.4102633289470896
13,3:5:11:12,15,3:5:11:12,4,4,2,4,4,4,4,4,0,8,8,8,4,1296,4:1296,1044576,8.611156424455313,891648,8.51280227028115,4.512802270281149
14,2:4:8:9,7,2:4:8,3,2,2,3,3,3,2,1,1,4,4,4,1,216,1:180;2:36,36,2.226565505118757,36,2.226565505118757,-0.773434494881243
14,2:4:8:9,11,2:4:9,3,2,2,3,3,3,2,1,1,4,4,4,1,216,1:180;2:36,36,2.226565505118757,36,2.226565505118757,-0.773434494881243
14,2:4:8:9,13,2:8:9,3,2,2,3,3,3,2,1,1,4,4,4,1,216,1:180;2:36,36,2.226565505118757,36,2.226565505118757,-0.773434494881243
14,2:4:8:9,14,4:8:9,3,2,2,3,2,1,2,1,1,4,4,4,1,216,1:210;2:6,6,1.1132827525593785,6,1.1132827525593785,-1.8867172474406215
14,2:4:8:9,15,2:4:8:9,3,2,2,4,3,2,3,2,0,4,4,4,0,1296,2:1260;3:36,2376,4.829744360083113,1692,4.618796713272123,0.6187967132721228
15,5:11:14:15,3,5:11,4,4,2,2,2,2,2,2,2,8,8,8,6,36,2:36,36,2.226565505118757,36,2.226565505118757,0.22656550511875695
15,5:11:14:15,5,5:14,4,4,2,2,2,2,2,2,2,8,8,8,6,36,2:36,36,2.226565505118757,36,2.226565505118757,0.22656550511875695
15,5:11:14:15,6,11:14,4,4,2,2,2,2,2,2,2,8,8,8,6,36,2:36,36,2.226565505118757,36,2.226565505118757,0.22656550511875695
15,5:11:14:15,9,5:15,4,4,2,2,2,2,2,2,2,8,8,8,6,36,2:36,36,2.226565505118757,36,2.226565505118757,0.22656550511875695
15,5:11:14:15,10,11:15,4,4,2,2,2,2,2,2,2,8,8,8,6,36,2:36,36,2.226565505118757,36,2.226565505118757,0.22656550511875695
15,5:11:14:15,12,14:15,4,4,2,2,2,2,2,2,2,8,8,8,6,36,2:36,36,2.226565505118757,36,2.226565505118757,0.22656550511875695
15,5:11:14:15,7,5:11:14,4,4,2,3,3,3,3,3,1,8,8,8,5,216,3:216,6696,5.473504472655458,6048,5.41026332894709,2.4102633289470896
15,5:11:14:15,11,5:11:15,4,4,2,3,3,3,3,3,1,8,8,8,5,216,3:216,6696,5.473504472655458,6048,5.41026332894709,2.4102633289470896
15,5:11:14:15,13,5:14:15,4,4,2,3,3,3,3,3,1,8,8,8,5,216,3:216,6696,5.473504472655458,6048,5.41026332894709,2.4102633289470896
15,5:11:14:15,14,11:14:15,4,4,2,3,3,3,3,3,1,8,8,8,5,216,3:216,6696,5.473504472655458,6048,5.41026332894709,2.4102633289470896
15,5:11:14:15,15,5:11:14:15,4,4,2,4,4,4,4,4,0,8,8,8,4,1296,4:1296,1044576,8.611156424455313,891648,8.51280227028115,4.512802270281149
16,1:4:9:14,7,1:4:9,3,2,2,3,3,3,2,1,1,4,4,4,1,216,1:180;2:36,36,2.226565505118757,36,2.226565505118757,-0.773434494881243
16,1:4:9:14,11,1:4:14,3,2,2,3,3,3,2,1,1,4,4,4,1,216,1:180;2:36,36,2.226565505118757,36,2.226565505118757,-0.773434494881243
16,1:4:9:14,13,1:9:14,3,2,2,3,3,3,2,1,1,4,4,4,1,216,1:180;2:36,36,2.226565505118757,36,2.226565505118757,-0.773434494881243
16,1:4:9:14,14,4:9:14,3,2,2,3,2,1,2,1,1,4,4,4,1,216,1:210;2:6,6,1.1132827525593785,6,1.1132827525593785,-1.8867172474406215
16,1:4:9:14,15,1:4:9:14,3,2,2,4,3,2,3,2,0,4,4,4,0,1296,2:1260;3:36,2376,4.829744360083113,1692,4.618796713272123,0.6187967132721228
17,2:3:6:8,3,2:3,4,4,2,2,2,2,2,2,2,8,8,8,6,36,2:36,36,2.226565505118757,36,2.226565505118757,0.22656550511875695
17,2:3:6:8,5,2:6,4,4,2,2,2,2,2,2,2,8,8,8,6,36,2:36,36,2.226565505118757,36,2.226565505118757,0.22656550511875695
17,2:3:6:8,6,3:6,4,4,2,2,2,2,2,2,2,8,8,8,6,36,2:36,36,2.226565505118757,36,2.226565505118757,0.22656550511875695
17,2:3:6:8,9,2:8,4,4,2,2,2,2,2,2,2,8,8,8,6,36,2:36,36,2.226565505118757,36,2.226565505118757,0.22656550511875695
17,2:3:6:8,10,3:8,4,4,2,2,2,2,2,2,2,8,8,8,6,36,2:36,36,2.226565505118757,36,2.226565505118757,0.22656550511875695
17,2:3:6:8,12,6:8,4,4,2,2,2,2,2,2,2,8,8,8,6,36,2:36,36,2.226565505118757,36,2.226565505118757,0.22656550511875695
17,2:3:6:8,7,2:3:6,4,4,2,3,3,3,3,3,1,8,8,8,5,216,3:216,6696,5.473504472655458,6048,5.41026332894709,2.4102633289470896
17,2:3:6:8,11,2:3:8,4,4,2,3,3,3,3,3,1,8,8,8,5,216,3:216,6696,5.473504472655458,6048,5.41026332894709,2.4102633289470896
17,2:3:6:8,13,2:6:8,4,4,2,3,3,3,3,3,1,8,8,8,5,216,3:216,6696,5.473504472655458,6048,5.41026332894709,2.4102633289470896
17,2:3:6:8,14,3:6:8,4,4,2,3,3,3,3,3,1,8,8,8,5,216,3:216,6696,5.473504472655458,6048,5.41026332894709,2.4102633289470896
17,2:3:6:8,15,2:3:6:8,4,4,2,4,4,4,4,4,0,8,8,8,4,1296,4:1296,1044576,8.611156424455313,891648,8.51280227028115,4.512802270281149
18,2:6:7:10,3,2:6,4,4,2,2,2,2,2,2,2,8,8,8,6,36,2:36,36,2.226565505118757,36,2.226565505118757,0.22656550511875695
18,2:6:7:10,5,2:7,4,4,2,2,2,2,2,2,2,8,8,8,6,36,2:36,36,2.226565505118757,36,2.226565505118757,0.22656550511875695
18,2:6:7:10,6,6:7,4,4,2,2,2,2,2,2,2,8,8,8,6,36,2:36,36,2.226565505118757,36,2.226565505118757,0.22656550511875695
18,2:6:7:10,9,2:10,4,4,2,2,2,2,2,2,2,8,8,8,6,36,2:36,36,2.226565505118757,36,2.226565505118757,0.22656550511875695
18,2:6:7:10,10,6:10,4,4,2,2,2,2,2,2,2,8,8,8,6,36,2:36,36,2.226565505118757,36,2.226565505118757,0.22656550511875695
18,2:6:7:10,12,7:10,4,4,2,2,2,2,2,2,2,8,8,8,6,36,2:36,36,2.226565505118757,36,2.226565505118757,0.22656550511875695
18,2:6:7:10,7,2:6:7,4,4,2,3,3,3,3,3,1,8,8,8,5,216,3:216,6696,5.473504472655458,6048,5.41026332894709,2.4102633289470896
18,2:6:7:10,11,2:6:10,4,4,2,3,3,3,3,3,1,8,8,8,5,216,3:216,6696,5.473504472655458,6048,5.41026332894709,2.4102633289470896
18,2:6:7:10,13,2:7:10,4,4,2,3,3,3,3,3,1,8,8,8,5,216,3:216,6696,5.473504472655458,6048,5.41026332894709,2.4102633289470896
18,2:6:7:10,14,6:7:10,4,4,2,3,3,3,3,3,1,8,8,8,5,216,3:216,6696,5.473504472655458,6048,5.41026332894709,2.4102633289470896
18,2:6:7:10,15,2:6:7:10,4,4,2,4,4,4,4,4,0,8,8,8,4,1296,4:1296,1044576,8.611156424455313,891648,8.51280227028115,4.512802270281149
19,1:10:12:15,3,1:10,4,4,2,2,2,2,2,2,2,8,8,8,6,36,2:36,36,2.226565505118757,36,2.226565505118757,0.22656550511875695
19,1:10:12:15,5,1:12,4,4,2,2,2,2,2,2,2,8,8,8,6,36,2:36,36,2.226565505118757,36,2.226565505118757,0.22656550511875695
19,1:10:12:15,6,10:12,4,4,2,2,2,2,2,2,2,8,8,8,6,36,2:36,36,2.226565505118757,36,2.226565505118757,0.22656550511875695
19,1:10:12:15,9,1:15,4,4,2,2,2,2,2,2,2,8,8,8,6,36,2:36,36,2.226565505118757,36,2.226565505118757,0.22656550511875695
19,1:10:12:15,10,10:15,4,4,2,2,2,2,2,2,2,8,8,8,6,36,2:36,36,2.226565505118757,36,2.226565505118757,0.22656550511875695
19,1:10:12:15,12,12:15,4,4,2,2,2,2,2,2,2,8,8,8,6,36,2:36,36,2.226565505118757,36,2.226565505118757,0.22656550511875695
19,1:10:12:15,7,1:10:12,4,4,2,3,3,3,3,3,1,8,8,8,5,216,3:216,6696,5.473504472655458,6048,5.41026332894709,2.4102633289470896
19,1:10:12:15,11,1:10:15,4,4,2,3,3,3,3,3,1,8,8,8,5,216,3:216,6696,5.473504472655458,6048,5.41026332894709,2.4102633289470896
19,1:10:12:15,13,1:12:15,4,4,2,3,3,3,3,3,1,8,8,8,5,216,3:216,6696,5.473504472655458,6048,5.41026332894709,2.4102633289470896
19,1:10:12:15,14,10:12:15,4,4,2,3,3,3,3,3,1,8,8,8,5,216,3:216,6696,5.473504472655458,6048,5.41026332894709,2.4102633289470896
19,1:10:12:15,15,1:10:12:15,4,4,2,4,4,4,4,4,0,8,8,8,4,1296,4:1296,1044576,8.611156424455313,891648,8.51280227028115,4.512802270281149
